dataset,category,identifier_types
CiVIC,gene,"HGNC_Symbol, NCBIGene"
CiVIC,disease,Orphanet
CiVIC,protein,PDB
CiVIC,compound,PubChem_CID
CiVIC,taxonomy,NCBITaxon
CiVIC2,gene,"HGNC_Symbol, NCBIGene"
CiVIC2,disease,"OMIM, Orphanet, SNOMED"
CiVIC2,protein,PDB
CiVIC2,compound,"PubChem_CID, RxCUI"
CiVIC2,taxonomy,NCBITaxon
CiVIC3,gene,"HGNC_Symbol, NCBIGene"
CiVIC3,disease,Orphanet
CiVIC4,gene,"HGNC_Symbol, NCBIGene"
CiVIC4,disease,"Orphanet, SNOMED"
CiVIC4,protein,PDB
CiVIC4,compound,PubChem_CID
CiVIC4,taxonomy,NCBITaxon
CiVIC5,gene,HGNC_Symbol
CiVIC5,disease,Orphanet
CiVIC6,gene,"HGNC_Symbol, NCBIGene"
CiVIC6,disease,"OMIM, Orphanet, SNOMED"
CiVIC6,protein,PDB
CiVIC6,compound,"PubChem_CID, RxCUI"
CiVIC6,taxonomy,NCBITaxon
ClinGPX2,gene,"HGNC_Symbol, NCBIGene"
ClinGPX2,disease,"MeSH, OMIM, Orphanet, SNOMED"
ClinGPX2,protein,PDB
ClinGPX2,compound,"InChI, PubChem_CID, RxCUI, SMILES"
ClinGPX2,taxonomy,NCBITaxon
ClinGPX3,gene,"Ensembl_Gene, HGNC, HGNC_Symbol, NCBIGene"
ClinGPX3,disease,"OMIM, Orphanet, SNOMED"
ClinGPX3,protein,PDB
ClinGPX3,compound,"PubChem_CID, RxCUI"
ClinGPX3,taxonomy,NCBITaxon
ClinGPX4,gene,HGNC_Symbol
ClinGPX5,gene,HGNC_Symbol
ClinGPX5,disease,Orphanet
ClinGPX5,compound,SMILES
ClinGPX5,variant,dbSNP
ClinPGX,gene,"HGNC_Symbol, NCBIGene"
ClinPGX,disease,"MeSH, OMIM, Orphanet, SNOMED"
ClinPGX,compound,"InChI, PubChem_CID, RxCUI, SMILES"
ClinPGX,taxonomy,NCBITaxon
DGIDB,gene,HGNC_Symbol
DGIDB2,gene,"HGNC_Symbol, NCBIGene"
DGIDB2,disease,SNOMED
DGIDB2,compound,PubChem_CID
DGIDB3,gene,"HGNC, HGNC_Symbol, NCBIGene"
DGIDB3,disease,Orphanet
DGIDB3,compound,SMILES
DGIDB4,gene,"HGNC, HGNC_Symbol"
DIDA,gene,HGNC_Symbol
DIDA2,gene,HGNC_Symbol
DIDA2,disease,Orphanet
DIDA2,pathway,KEGG_Pathway
DIDA3,gene,HGNC_Symbol
DIDA4,gene,HGNC_Symbol
DIDA4,variant,HGVS_coding
DIDA5,gene,"HGNC_Symbol, NCBIGene"
DIDA5,disease,"Orphanet, SNOMED"
DIDA5,compound,PubChem_CID
DIDA5,variant,HGVS_coding
DrugCentral,gene,HGNC_Symbol
DrugCentral,disease,Orphanet
Gene2Phenotype,gene,"HGNC_Symbol, NCBIGene"
Gene2Phenotype,disease,"MONDO, OMIM, Orphanet, SNOMED"
Gene2Phenotype,phenotype,HPO
Gene2Phenotype,protein,PDB
Gene2Phenotype,compound,"PubChem_CID, RxCUI"
Gene2Phenotype,taxonomy,NCBITaxon
Gene2Phenotype2,gene,"HGNC_Symbol, NCBIGene"
Gene2Phenotype2,disease,"MONDO, OMIM, Orphanet, SNOMED"
Gene2Phenotype2,protein,PDB
Gene2Phenotype2,compound,"PubChem_CID, RxCUI"
Gene2Phenotype2,taxonomy,NCBITaxon
Gene2Phenotype3,gene,"HGNC_Symbol, NCBIGene"
Gene2Phenotype3,disease,"MONDO, OMIM, Orphanet, SNOMED"
Gene2Phenotype3,protein,PDB
Gene2Phenotype3,compound,"PubChem_CID, RxCUI"
Gene2Phenotype3,taxonomy,NCBITaxon
Gene2Phenotype4,gene,"HGNC_Symbol, NCBIGene"
Gene2Phenotype4,disease,"MONDO, OMIM, Orphanet, SNOMED"
Gene2Phenotype4,protein,PDB
Gene2Phenotype4,compound,"PubChem_CID, RxCUI"
Gene2Phenotype4,taxonomy,NCBITaxon
Gene2Phenotype5,gene,"HGNC_Symbol, NCBIGene"
Gene2Phenotype5,disease,"MONDO, OMIM, Orphanet, SNOMED"
Gene2Phenotype5,protein,PDB
Gene2Phenotype5,compound,"PubChem_CID, RxCUI"
Gene2Phenotype5,taxonomy,NCBITaxon
Gene2Phenotype6,gene,"HGNC_Symbol, NCBIGene"
Gene2Phenotype6,disease,"MONDO, OMIM, Orphanet, SNOMED"
Gene2Phenotype6,protein,PDB
Gene2Phenotype6,compound,"PubChem_CID, RxCUI"
Gene2Phenotype6,taxonomy,NCBITaxon
Gene2Phenotype7,gene,"HGNC_Symbol, NCBIGene"
Gene2Phenotype7,disease,"MONDO, OMIM, Orphanet, SNOMED"
Gene2Phenotype7,protein,PDB
Gene2Phenotype7,compound,"PubChem_CID, RxCUI"
Gene2Phenotype7,taxonomy,NCBITaxon
GWAS,gene,"Ensembl_Gene, HGNC_Symbol, NCBIGene"
GWAS,disease,"OMIM, Orphanet, SNOMED"
GWAS,protein,PDB
GWAS,compound,"PubChem_CID, RxCUI, SMILES"
GWAS,variant,dbSNP
GWAS,taxonomy,NCBITaxon
LncRNADisease,gene,"HGNC_Symbol, NCBIGene"
LncRNADisease,disease,SNOMED
LncRNADisease,compound,PubChem_CID
Monarch,gene,"HGNC, HGNC_Symbol"
Monarch,disease,MONDO
Monarch,taxonomy,NCBITaxon
Monarch10,gene,"HGNC, HGNC_Symbol, MGI, NCBIGene, RGD, ZFIN"
Monarch10,compound,SMILES
Monarch10,taxonomy,NCBITaxon
Monarch11,gene,"HGNC_Symbol, NCBIGene, ZFIN"
Monarch11,taxonomy,NCBITaxon
Monarch12,gene,HGNC_Symbol
Monarch12,taxonomy,NCBITaxon
Monarch13,gene,MGI
Monarch13,disease,MONDO
Monarch13,taxonomy,NCBITaxon
Monarch14,gene,HGNC_Symbol
Monarch14,pathway,GO
Monarch14,taxonomy,NCBITaxon
Monarch15,gene,HGNC_Symbol
Monarch15,pathway,GO
Monarch15,taxonomy,NCBITaxon
Monarch16,gene,"HGNC_Symbol, NCBIGene"
Monarch16,taxonomy,NCBITaxon
Monarch17,disease,MONDO
Monarch17,taxonomy,NCBITaxon
Monarch18,gene,"HGNC, HGNC_Symbol, MGI, ZFIN"
Monarch18,taxonomy,NCBITaxon
Monarch19,gene,MGI
Monarch19,phenotype,MP
Monarch19,taxonomy,NCBITaxon
Monarch2,gene,HGNC_Symbol
Monarch2,phenotype,HPO
Monarch2,therapy,MAXO
Monarch3,gene,HGNC_Symbol
Monarch3,disease,MONDO
Monarch3,compound,ChEBI
Monarch4,gene,HGNC_Symbol
Monarch4,compound,ChEBI
Monarch5,gene,"HGNC, HGNC_Symbol"
Monarch5,disease,MONDO
Monarch5,taxonomy,NCBITaxon
Monarch6,disease,MONDO
Monarch6,phenotype,HPO
Monarch7,gene,HGNC_Symbol
Monarch7,disease,MONDO
Monarch7,phenotype,UBERON
Monarch7,anatomy,UBERON
Monarch8,gene,HGNC_Symbol
Monarch8,disease,MONDO
Monarch8,phenotype,HPO
Monarch9,gene,"HGNC_Symbol, MGI"
Monarch9,taxonomy,NCBITaxon
Orphadata10,gene,"HGNC_Symbol, NCBIGene"
Orphadata10,disease,"OMIM, Orphanet, SNOMED"
Orphadata10,protein,PDB
Orphadata10,compound,"PubChem_CID, RxCUI"
Orphadata10,taxonomy,NCBITaxon
Orphadata11,gene,"HGNC_Symbol, NCBIGene"
Orphadata11,disease,"OMIM, Orphanet, SNOMED"
Orphadata11,protein,PDB
Orphadata11,compound,"PubChem_CID, RxCUI"
Orphadata11,taxonomy,NCBITaxon
Orphadata12,gene,"HGNC_Symbol, NCBIGene"
Orphadata12,disease,"OMIM, Orphanet, SNOMED"
Orphadata12,protein,PDB
Orphadata12,compound,"PubChem_CID, RxCUI"
Orphadata12,taxonomy,NCBITaxon
Orphadata13,gene,"HGNC_Symbol, NCBIGene"
Orphadata13,disease,"OMIM, Orphanet, SNOMED"
Orphadata13,protein,PDB
Orphadata13,compound,"PubChem_CID, RxCUI"
Orphadata13,taxonomy,NCBITaxon
Orphadata14,gene,"HGNC_Symbol, NCBIGene"
Orphadata14,disease,"OMIM, Orphanet, SNOMED"
Orphadata14,protein,PDB
Orphadata14,compound,"PubChem_CID, RxCUI"
Orphadata14,taxonomy,NCBITaxon
Orphadata15,gene,"HGNC_Symbol, NCBIGene"
Orphadata15,disease,"OMIM, Orphanet, SNOMED"
Orphadata15,protein,PDB
Orphadata15,compound,"PubChem_CID, RxCUI"
Orphadata15,taxonomy,NCBITaxon
Orphadata16,gene,"HGNC_Symbol, NCBIGene"
Orphadata16,disease,"OMIM, Orphanet, SNOMED"
Orphadata16,protein,PDB
Orphadata16,compound,"PubChem_CID, RxCUI"
Orphadata16,taxonomy,NCBITaxon
Orphadata17,gene,"HGNC_Symbol, NCBIGene"
Orphadata17,disease,"OMIM, Orphanet, SNOMED"
Orphadata17,compound,"PubChem_CID, RxCUI"
Orphadata17,taxonomy,NCBITaxon
Orphadata18,gene,"HGNC_Symbol, NCBIGene"
Orphadata18,disease,"OMIM, Orphanet, SNOMED"
Orphadata18,protein,PDB
Orphadata18,compound,"PubChem_CID, RxCUI"
Orphadata18,taxonomy,NCBITaxon
Orphadata19,gene,"HGNC_Symbol, NCBIGene"
Orphadata19,disease,"OMIM, Orphanet, SNOMED"
Orphadata19,protein,PDB
Orphadata19,compound,"PubChem_CID, RxCUI"
Orphadata19,taxonomy,NCBITaxon
Orphadata2,gene,"HGNC_Symbol, NCBIGene"
Orphadata2,disease,"OMIM, Orphanet, SNOMED"
Orphadata2,protein,PDB
Orphadata2,compound,"PubChem_CID, RxCUI"
Orphadata2,taxonomy,NCBITaxon
Orphadata20,gene,"HGNC_Symbol, NCBIGene"
Orphadata20,disease,"OMIM, Orphanet, SNOMED"
Orphadata20,protein,PDB
Orphadata20,compound,"PubChem_CID, RxCUI"
Orphadata20,taxonomy,NCBITaxon
Orphadata21,gene,"HGNC_Symbol, NCBIGene"
Orphadata21,disease,"OMIM, Orphanet, SNOMED"
Orphadata21,protein,PDB
Orphadata21,compound,"PubChem_CID, RxCUI"
Orphadata21,taxonomy,NCBITaxon
Orphadata22,gene,"HGNC_Symbol, NCBIGene"
Orphadata22,disease,"OMIM, Orphanet, SNOMED"
Orphadata22,protein,PDB
Orphadata22,compound,"PubChem_CID, RxCUI"
Orphadata22,taxonomy,NCBITaxon
Orphadata23,gene,"HGNC_Symbol, NCBIGene"
Orphadata23,disease,"OMIM, Orphanet, SNOMED"
Orphadata23,protein,PDB
Orphadata23,compound,"PubChem_CID, RxCUI"
Orphadata23,taxonomy,NCBITaxon
Orphadata24,gene,"HGNC_Symbol, NCBIGene"
Orphadata24,disease,"OMIM, Orphanet, SNOMED"
Orphadata24,protein,PDB
Orphadata24,compound,"PubChem_CID, RxCUI"
Orphadata24,taxonomy,NCBITaxon
Orphadata25,gene,"HGNC_Symbol, NCBIGene"
Orphadata25,disease,"OMIM, Orphanet, SNOMED"
Orphadata25,protein,PDB
Orphadata25,compound,"PubChem_CID, RxCUI"
Orphadata25,taxonomy,NCBITaxon
Orphadata26,gene,"HGNC_Symbol, NCBIGene"
Orphadata26,disease,"OMIM, Orphanet, SNOMED"
Orphadata26,protein,PDB
Orphadata26,compound,"PubChem_CID, RxCUI"
Orphadata26,taxonomy,NCBITaxon
Orphadata27,gene,"HGNC_Symbol, NCBIGene"
Orphadata27,disease,"OMIM, Orphanet, SNOMED"
Orphadata27,protein,PDB
Orphadata27,compound,"PubChem_CID, RxCUI"
Orphadata27,taxonomy,NCBITaxon
Orphadata28,gene,"HGNC_Symbol, NCBIGene"
Orphadata28,disease,"OMIM, Orphanet, SNOMED"
Orphadata28,compound,"PubChem_CID, RxCUI"
Orphadata28,taxonomy,NCBITaxon
Orphadata29,gene,"HGNC_Symbol, NCBIGene"
Orphadata29,disease,"OMIM, Orphanet, SNOMED"
Orphadata29,protein,PDB
Orphadata29,compound,"PubChem_CID, RxCUI"
Orphadata29,taxonomy,NCBITaxon
Orphadata3,gene,"HGNC_Symbol, NCBIGene"
Orphadata3,disease,"OMIM, Orphanet, SNOMED"
Orphadata3,protein,PDB
Orphadata3,compound,"PubChem_CID, RxCUI"
Orphadata3,taxonomy,NCBITaxon
Orphadata30,gene,"HGNC_Symbol, NCBIGene"
Orphadata30,disease,"OMIM, Orphanet, SNOMED"
Orphadata30,protein,PDB
Orphadata30,compound,"PubChem_CID, RxCUI"
Orphadata30,taxonomy,NCBITaxon
Orphadata31,gene,"HGNC_Symbol, NCBIGene"
Orphadata31,disease,"OMIM, Orphanet, SNOMED"
Orphadata31,protein,PDB
Orphadata31,compound,"PubChem_CID, RxCUI"
Orphadata31,taxonomy,NCBITaxon
Orphadata32,gene,"HGNC_Symbol, NCBIGene"
Orphadata32,disease,"OMIM, Orphanet, SNOMED"
Orphadata32,protein,PDB
Orphadata32,compound,"PubChem_CID, RxCUI"
Orphadata32,taxonomy,NCBITaxon
Orphadata33,gene,"HGNC_Symbol, NCBIGene"
Orphadata33,disease,"OMIM, Orphanet, SNOMED"
Orphadata33,protein,PDB
Orphadata33,compound,"PubChem_CID, RxCUI"
Orphadata33,taxonomy,NCBITaxon
Orphadata34,gene,HGNC_Symbol
Orphadata35,gene,"HGNC_Symbol, NCBIGene"
Orphadata35,disease,"OMIM, Orphanet, SNOMED"
Orphadata35,compound,"PubChem_CID, RxCUI"
Orphadata35,taxonomy,NCBITaxon
Orphadata36,gene,"Ensembl_Gene, HGNC_Symbol, NCBIGene"
Orphadata36,disease,"OMIM, Orphanet, SNOMED"
Orphadata36,protein,PDB
Orphadata36,compound,"PubChem_CID, RxCUI"
Orphadata36,taxonomy,NCBITaxon
Orphadata37,gene,"HGNC_Symbol, NCBIGene"
Orphadata37,disease,"OMIM, Orphanet, SNOMED"
Orphadata37,phenotype,HPO
Orphadata37,compound,"PubChem_CID, RxCUI"
Orphadata37,taxonomy,NCBITaxon
Orphadata38,gene,"HGNC_Symbol, NCBIGene"
Orphadata38,disease,"OMIM, Orphanet, SNOMED"
Orphadata38,protein,PDB
Orphadata38,compound,"PubChem_CID, RxCUI"
Orphadata38,taxonomy,NCBITaxon
Orphadata39,gene,"HGNC_Symbol, NCBIGene"
Orphadata39,disease,"OMIM, Orphanet, SNOMED"
Orphadata39,protein,PDB
Orphadata39,compound,"PubChem_CID, RxCUI"
Orphadata39,taxonomy,NCBITaxon
Orphadata4,gene,"HGNC_Symbol, NCBIGene"
Orphadata4,disease,"OMIM, Orphanet, SNOMED"
Orphadata4,protein,PDB
Orphadata4,compound,"PubChem_CID, RxCUI"
Orphadata4,taxonomy,NCBITaxon
Orphadata40,gene,"HGNC_Symbol, NCBIGene"
Orphadata40,disease,"OMIM, Orphanet, SNOMED"
Orphadata40,compound,"PubChem_CID, RxCUI"
Orphadata40,taxonomy,NCBITaxon
Orphadata5,gene,"HGNC_Symbol, NCBIGene"
Orphadata5,disease,"OMIM, Orphanet, SNOMED"
Orphadata5,protein,PDB
Orphadata5,compound,"PubChem_CID, RxCUI"
Orphadata5,taxonomy,NCBITaxon
Orphadata6,gene,"HGNC_Symbol, NCBIGene"
Orphadata6,disease,"OMIM, Orphanet, SNOMED"
Orphadata6,protein,PDB
Orphadata6,compound,"PubChem_CID, RxCUI"
Orphadata6,taxonomy,NCBITaxon
Orphadata7,gene,"HGNC_Symbol, NCBIGene"
Orphadata7,disease,"OMIM, Orphanet, SNOMED"
Orphadata7,protein,PDB
Orphadata7,compound,"PubChem_CID, RxCUI"
Orphadata7,taxonomy,NCBITaxon
Orphadata8,gene,"HGNC_Symbol, NCBIGene"
Orphadata8,disease,"OMIM, Orphanet, SNOMED"
Orphadata8,protein,PDB
Orphadata8,compound,"PubChem_CID, RxCUI"
Orphadata8,taxonomy,NCBITaxon
Orphadata9,gene,"HGNC_Symbol, NCBIGene"
Orphadata9,disease,"OMIM, Orphanet, SNOMED"
Orphadata9,protein,PDB
Orphadata9,compound,"PubChem_CID, RxCUI"
Orphadata9,taxonomy,NCBITaxon
