dataset_id,file_formats,file_size_mb,row_count,num_columns,column_names
CiVIC,tsv,0.17,947,18,"[""description"", ""entrez_id"", ""feature_aliases"", ""feature_civic_url"", ""feature_id"", ""feature_type"", ""five_prime_gene_entrez_id"", ""five_prime_gene_id"", ""five_prime_gene_name"", ""five_prime_partner_status"", ""is_flagged"", ""last_review_date"", ""name"", ""ncit_id"", ""three_prime_gene_entrez_id"", ""three_prime_gene_id"", ""three_prime_gene_name"", ""three_prime_partner_status""]"
CiVIC2,tsv,0.54,1947,40,"[""3_prime_exon_offset"", ""3_prime_exon_offset_direction"", ""3_prime_partner"", ""3_prime_partner_status"", ""3_prime_start_exon"", ""3_prime_transcript"", ""5_prime_end_exon"", ""5_prime_exon_offset"", ""5_prime_exon_offset_direction"", ""5_prime_partner"", ""5_prime_partner_status"", ""5_prime_transcript"", ""allele_registry_id"", ""chromosome"", ""clinvar_ids"", ""ensembl_version"", ""entrez_id"", ""feature_civic_url"", ""feature_id"", ""feature_name"", ""feature_type"", ""gene"", ""hgvs_descriptions"", ""is_flagged"", ""last_review_date"", ""ncit_id"", ""reference_bases"", ""reference_build"", ""representative_transcript"", ""single_variant_molecular_profile_id"", ""start"", ""stop"", ""variant"", ""variant_aliases"", ""variant_bases"", ""variant_civic_url"", ""variant_groups"", ""variant_id"", ""variant_types"", ""vicc_compliant_name""]"
CiVIC3,tsv,0.62,1907,13,"[""aliases"", ""assertion_ids"", ""assertions_civic_url"", ""evidence_item_ids"", ""evidence_items_civic_url"", ""evidence_score"", ""is_flagged"", ""last_review_date"", ""molecular_profile_id"", ""name"", ""summary"", ""variant_ids"", ""variants_civic_url""]"
CiVIC4,tsv,3.73,4745,25,"[""asco_abstract_id"", ""citation"", ""citation_id"", ""disease"", ""doid"", ""evidence_civic_url"", ""evidence_direction"", ""evidence_id"", ""evidence_level"", ""evidence_statement"", ""evidence_status"", ""evidence_type"", ""is_flagged"", ""last_review_date"", ""molecular_profile"", ""molecular_profile_civic_url"", ""molecular_profile_id"", ""nct_ids"", ""phenotypes"", ""rating"", ""significance"", ""source_type"", ""therapies"", ""therapy_interaction_type"", ""variant_origin""]"
CiVIC5,tsv,0.01,29,6,"[""description"", ""is_flagged"", ""last_review_date"", ""variant_group"", ""variant_group_civic_url"", ""variant_group_id""]"
CiVIC6,tsv,0.14,120,24,"[""acmg_codes"", ""amp_category"", ""assertion_civic_url"", ""assertion_description"", ""assertion_direction"", ""assertion_id"", ""assertion_summary"", ""assertion_type"", ""disease"", ""doid"", ""evidence_item_ids"", ""evidence_items_civic_url"", ""fda_companion_test"", ""is_flagged"", ""last_review_date"", ""molecular_profile"", ""molecular_profile_civic_url"", ""molecular_profile_id"", ""nccn_guideline"", ""nccn_guideline_version"", ""phenotypes"", ""regulatory_approval"", ""significance"", ""therapies""]"
ClinGPX2,tsv,2.1,NA,0,[]
ClinGPX3,tsv,10.58,25041,17,"[""Alternate Names"", ""Alternate Symbols"", ""Chromosomal Start - GRCh37"", ""Chromosomal Start - GRCh38"", ""Chromosomal Stop - GRCh37"", ""Chromosomal Stop - GRCh38"", ""Chromosome"", ""Cross-references"", ""Ensembl Id"", ""HGNC ID"", ""Has CPIC Dosing Guideline"", ""Has Variant Annotation"", ""Is VIP"", ""NCBI Gene ID"", ""Name"", ""PharmGKB Accession Id"", ""Symbol""]"
ClinGPX4,tsv,0.82,1615,5,"[""Alternate Names"", ""Cross-references"", ""External Vocabulary"", ""Name"", ""PharmGKB Accession Id""]"
ClinGPX5,tsv,3.35,7559,11,"[""Clinical Annotation count"", ""Gene IDs"", ""Gene Symbols"", ""Guideline Annotation count"", ""Label Annotation count"", ""Level 1/2 Clinical Annotation count"", ""Location"", ""Synonyms"", ""Variant Annotation count"", ""Variant ID"", ""Variant Name""]"
ClinPGX,tsv,2.51,NA,0,[]
DGIDB,tsv,1.49,32795,4,"[""name"", ""name-2"", ""source_db_name"", ""source_db_version""]"
DGIDB2,tsv,7.66,81572,9,"[""anti_neoplastic"", ""approved"", ""concept_id"", ""drug_claim_name"", ""drug_name"", ""immunotherapy"", ""nomenclature"", ""source_db_name"", ""source_db_version""]"
DGIDB3,tsv,11.61,98239,13,"[""anti_neoplastic"", ""approved"", ""drug_claim_name"", ""drug_concept_id"", ""drug_name"", ""gene_claim_name"", ""gene_concept_id"", ""gene_name"", ""immunotherapy"", ""interaction_score"", ""interaction_source_db_name"", ""interaction_source_db_version"", ""interaction_type""]"
DGIDB4,tsv,4.15,80234,6,"[""concept_id"", ""gene_claim_name"", ""gene_name"", ""nomenclature"", ""source_db_name"", ""source_db_version""]"
DIDA,csv,0.01,333,2,"["" pair"", ""id""]"
DIDA2,csv,0.19,170,17,"[""BIOGRID_ID"", ""CHROMOSOME"", ""CONSENSUSPATH_ID"", ""ESSENTIAL_GENE"", ""GDI"", ""GENATLAS_TISSUE"", ""GENE_NAME"", ""GO_MOLECULAR_FUNCTION"", ""INTACT_ID"", ""INTERPRO_ID"", ""KEGG_ID"", ""PFAM_ID"", ""P_HI"", ""P_REC"", ""REACTOME_ID"", ""UNIPROT_ACC"", ""lastmodified""]"
DIDA3,csv,0.16,129,26,"["" 2592+1G-A"", "" 3108+1G. Hypokalemia was a triggering factor for torsade de pointes in 2 of the probands of these families. Lastly"", "" A341E"", "" Coumel P"", "" Demay L"", "" Denjoy I"", "" Donger C"", "" Funke H"", "" Guicheney P.</br> <em><strong>C-terminal HERG mutations: the role of hypokalemia and a KCNQ1-associated mutation in cardiac event occurrence.</strong></em> </br>Circulation. 1999 Mar 23;99(11):1464-70.\"";\""BACKGROUND: The long-QT syndrome (LQTS) is a genetically heterogeneous disease in which 4 genes encoding ion-channel subunits have been identified. Most of the mutations have been determined in the transmembrane domains of the cardiac potassium channel genes KCNQ1 and HERG. In this study"", "" Hainque B"", "" Hammoude H"", "" Klug D"", "" Richard P"", "" S818L and V822 M"", "" Schulze-Bahr E"", "" Schwartz K"", "" a maternally inherited G to A transition was found in the splicing donor consensus site of HERG"", "" and a 1-bp insertion"", "" and a paternally inherited mutation"", "" but they can become clinically significant in cases of hypokalemia. The first description of 2 patients with double heterozygosity associated with a dramatic malignant phenotype implies that genetic analysis of severely affected young patients should include an investigation for >1 mutation  in the LQT genes.\"";\""1999\"""", "" in a large family"", "" in the putative cyclic nucleotide binding domain"", "" the identification of 2 missense mutations"", "" was identified in KCNQ1. The 2 more severely affected sisters bore both mutations. CONCLUSIONS: The discovery of mutations in the C-terminal part of HERG emphasizes that this region plays a significant role in cardiac repolarization. Clinical data suggests that these mutations may be less malignant than mutations occurring in the pore region"", "" we investigated the 3' part of HERG for mutations. METHODS AND RESULTS: New specific primers allowed the amplification of the 3' part of HERG"", ""10086971;\""Berthet M""]"
DIDA4,tsv,0.05,258,15,"["""", ""Allele 1 Gene A cDNA change"", ""Allele 1 Gene A protein change"", ""Allele 1 Gene B cDNA change"", ""Allele 1 Gene B protein change"", ""Allele 2 Gene A cDNA change"", ""Allele 2 Gene A protein change"", ""Allele 2 Gene B cDNA change"", ""Allele 2 Gene B protein change"", ""Disease name (ORPHANET)"", ""Gene A"", ""Gene B"", ""Gene relationship"", ""ID"", ""Oligogenic effect""]"
DIDA5,tsv,0.03,448,10,"["""", ""Alt allele"", ""Chromosome"", ""Gene name"", ""Genomic position"", ""ID"", ""Protein change"", ""Ref allele"", ""Variant effect"", ""cDNA change""]"
DrugCentral,tsv,4.25,19378,20,"[""ACCESSION"", ""ACTION_TYPE"", ""ACT_COMMENT"", ""ACT_SOURCE"", ""ACT_SOURCE_URL"", ""ACT_TYPE"", ""ACT_UNIT"", ""ACT_VALUE"", ""DRUG_NAME"", ""GENE"", ""MOA"", ""MOA_SOURCE"", ""MOA_SOURCE_URL"", ""ORGANISM"", ""RELATION"", ""STRUCT_ID"", ""SWISSPROT"", ""TARGET_CLASS"", ""TARGET_NAME"", ""TDL""]"
Gene2Phenotype,csv,0.06,125,24,"[""additional mined publications"", ""allelic requirement"", ""comments"", ""confidence"", ""cross cutting modifier"", ""date of last review"", ""disease MONDO"", ""disease mim"", ""disease name"", ""g2p id"", ""gene mim"", ""gene symbol"", ""hgnc id"", ""molecular mechanism"", ""molecular mechanism categorisation"", ""molecular mechanism evidence"", ""molecular mechanism support"", ""panel"", ""phenotypes"", ""previous gene symbols"", ""publications"", ""review"", ""variant consequence"", ""variant types""]"
Gene2Phenotype2,csv,0.23,178,24,"[""additional mined publications"", ""allelic requirement"", ""comments"", ""confidence"", ""cross cutting modifier"", ""date of last review"", ""disease MONDO"", ""disease mim"", ""disease name"", ""g2p id"", ""gene mim"", ""gene symbol"", ""hgnc id"", ""molecular mechanism"", ""molecular mechanism categorisation"", ""molecular mechanism evidence"", ""molecular mechanism support"", ""panel"", ""phenotypes"", ""previous gene symbols"", ""publications"", ""review"", ""variant consequence"", ""variant types""]"
Gene2Phenotype3,csv,1.77,2836,24,"[""additional mined publications"", ""allelic requirement"", ""comments"", ""confidence"", ""cross cutting modifier"", ""date of last review"", ""disease MONDO"", ""disease mim"", ""disease name"", ""g2p id"", ""gene mim"", ""gene symbol"", ""hgnc id"", ""molecular mechanism"", ""molecular mechanism categorisation"", ""molecular mechanism evidence"", ""molecular mechanism support"", ""panel"", ""phenotypes"", ""previous gene symbols"", ""publications"", ""review"", ""variant consequence"", ""variant types""]"
Gene2Phenotype4,csv,0.06,98,24,"[""additional mined publications"", ""allelic requirement"", ""comments"", ""confidence"", ""cross cutting modifier"", ""date of last review"", ""disease MONDO"", ""disease mim"", ""disease name"", ""g2p id"", ""gene mim"", ""gene symbol"", ""hgnc id"", ""molecular mechanism"", ""molecular mechanism categorisation"", ""molecular mechanism evidence"", ""molecular mechanism support"", ""panel"", ""phenotypes"", ""previous gene symbols"", ""publications"", ""review"", ""variant consequence"", ""variant types""]"
Gene2Phenotype5,csv,0.45,790,24,"[""additional mined publications"", ""allelic requirement"", ""comments"", ""confidence"", ""cross cutting modifier"", ""date of last review"", ""disease MONDO"", ""disease mim"", ""disease name"", ""g2p id"", ""gene mim"", ""gene symbol"", ""hgnc id"", ""molecular mechanism"", ""molecular mechanism categorisation"", ""molecular mechanism evidence"", ""molecular mechanism support"", ""panel"", ""phenotypes"", ""previous gene symbols"", ""publications"", ""review"", ""variant consequence"", ""variant types""]"
Gene2Phenotype6,csv,0.31,344,24,"[""additional mined publications"", ""allelic requirement"", ""comments"", ""confidence"", ""cross cutting modifier"", ""date of last review"", ""disease MONDO"", ""disease mim"", ""disease name"", ""g2p id"", ""gene mim"", ""gene symbol"", ""hgnc id"", ""molecular mechanism"", ""molecular mechanism categorisation"", ""molecular mechanism evidence"", ""molecular mechanism support"", ""panel"", ""phenotypes"", ""previous gene symbols"", ""publications"", ""review"", ""variant consequence"", ""variant types""]"
Gene2Phenotype7,csv,0.45,609,24,"[""additional mined publications"", ""allelic requirement"", ""comments"", ""confidence"", ""cross cutting modifier"", ""date of last review"", ""disease MONDO"", ""disease mim"", ""disease name"", ""g2p id"", ""gene mim"", ""gene symbol"", ""hgnc id"", ""molecular mechanism"", ""molecular mechanism categorisation"", ""molecular mechanism evidence"", ""molecular mechanism support"", ""panel"", ""phenotypes"", ""previous gene symbols"", ""publications"", ""review"", ""variant consequence"", ""variant types""]"
GWAS,tsv,626.19,1056578,38,"[""95% CI (TEXT)"", ""CHR_ID"", ""CHR_POS"", ""CNV"", ""CONTEXT"", ""DATE"", ""DATE ADDED TO CATALOG"", ""DISEASE/TRAIT"", ""DOWNSTREAM_GENE_DISTANCE"", ""DOWNSTREAM_GENE_ID"", ""FIRST AUTHOR"", ""GENOTYPING TECHNOLOGY"", ""INITIAL SAMPLE SIZE"", ""INTERGENIC"", ""JOURNAL"", ""LINK"", ""MAPPED_GENE"", ""MAPPED_TRAIT"", ""MAPPED_TRAIT_URI"", ""MERGED"", ""OR or BETA"", ""P-VALUE"", ""P-VALUE (TEXT)"", ""PLATFORM [SNPS PASSING QC]"", ""PUBMEDID"", ""PVALUE_MLOG"", ""REGION"", ""REPLICATION SAMPLE SIZE"", ""REPORTED GENE(S)"", ""RISK ALLELE FREQUENCY"", ""SNPS"", ""SNP_GENE_IDS"", ""SNP_ID_CURRENT"", ""STRONGEST SNP-RISK ALLELE"", ""STUDY"", ""STUDY ACCESSION"", ""UPSTREAM_GENE_DISTANCE"", ""UPSTREAM_GENE_ID""]"
LNCipedia,none,0.0,NA,0,[]
LncRNADisease,tsv,13.55,25440,12,"[""Causal Description"", ""Causality"", ""Clinical Application"", ""Description"", ""Disease Name"", ""Dysfunction Pattern"", ""PubMed ID"", ""Sample"", ""Species"", ""Validated Method"", ""ncRNA Category"", ""ncRNA Symbol""]"
Monarch,tsv,0.97,6829,15,"[""aggregator_knowledge_source"", ""has_evidence"", ""negated"", ""object"", ""object_category"", ""object_label"", ""predicate"", ""primary_knowledge_source"", ""publications"", ""qualifiers"", ""subject"", ""subject_category"", ""subject_label"", ""subject_taxon"", ""subject_taxon_label""]"
Monarch10,tsv,391.49,1729484,17,"[""aggregator_knowledge_source"", ""has_evidence"", ""negated"", ""object"", ""object_category"", ""object_label"", ""object_taxon"", ""object_taxon_label"", ""predicate"", ""primary_knowledge_source"", ""publications"", ""qualifiers"", ""subject"", ""subject_category"", ""subject_label"", ""subject_taxon"", ""subject_taxon_label""]"
Monarch11,tsv,46.13,222229,15,"[""aggregator_knowledge_source"", ""has_evidence"", ""negated"", ""object"", ""object_category"", ""object_label"", ""predicate"", ""primary_knowledge_source"", ""publications"", ""qualifiers"", ""subject"", ""subject_category"", ""subject_label"", ""subject_taxon"", ""subject_taxon_label""]"
Monarch12,tsv,158.27,695486,15,"[""aggregator_knowledge_source"", ""has_evidence"", ""negated"", ""object"", ""object_category"", ""object_label"", ""predicate"", ""primary_knowledge_source"", ""publications"", ""qualifiers"", ""subject"", ""subject_category"", ""subject_label"", ""subject_taxon"", ""subject_taxon_label""]"
Monarch13,tsv,3.03,10215,15,"[""aggregator_knowledge_source"", ""has_evidence"", ""negated"", ""object"", ""object_category"", ""object_label"", ""predicate"", ""primary_knowledge_source"", ""publications"", ""qualifiers"", ""subject"", ""subject_category"", ""subject_label"", ""subject_taxon"", ""subject_taxon_label""]"
Monarch14,tsv,332.65,1374470,15,"[""aggregator_knowledge_source"", ""has_evidence"", ""negated"", ""object"", ""object_category"", ""object_label"", ""predicate"", ""primary_knowledge_source"", ""publications"", ""qualifiers"", ""subject"", ""subject_category"", ""subject_label"", ""subject_taxon"", ""subject_taxon_label""]"
Monarch15,tsv,290.01,1315195,15,"[""aggregator_knowledge_source"", ""has_evidence"", ""negated"", ""object"", ""object_category"", ""object_label"", ""predicate"", ""primary_knowledge_source"", ""publications"", ""qualifiers"", ""subject"", ""subject_category"", ""subject_label"", ""subject_taxon"", ""subject_taxon_label""]"
Monarch16,tsv,619.31,2757208,17,"[""aggregator_knowledge_source"", ""has_evidence"", ""negated"", ""object"", ""object_category"", ""object_label"", ""object_taxon"", ""object_taxon_label"", ""predicate"", ""primary_knowledge_source"", ""publications"", ""qualifiers"", ""subject"", ""subject_category"", ""subject_label"", ""subject_taxon"", ""subject_taxon_label""]"
Monarch17,tsv,4.95,20696,15,"[""aggregator_knowledge_source"", ""has_evidence"", ""negated"", ""object"", ""object_category"", ""object_label"", ""predicate"", ""primary_knowledge_source"", ""publications"", ""qualifiers"", ""subject"", ""subject_category"", ""subject_label"", ""subject_taxon"", ""subject_taxon_label""]"
Monarch18,tsv,38.92,188708,15,"[""aggregator_knowledge_source"", ""has_evidence"", ""negated"", ""object"", ""object_category"", ""object_label"", ""predicate"", ""primary_knowledge_source"", ""publications"", ""qualifiers"", ""subject"", ""subject_category"", ""subject_label"", ""subject_taxon"", ""subject_taxon_label""]"
Monarch19,tsv,78.78,319781,15,"[""aggregator_knowledge_source"", ""has_evidence"", ""negated"", ""object"", ""object_category"", ""object_label"", ""predicate"", ""primary_knowledge_source"", ""publications"", ""qualifiers"", ""subject"", ""subject_category"", ""subject_label"", ""subject_taxon"", ""subject_taxon_label""]"
Monarch2,tsv,0.19,951,15,"[""aggregator_knowledge_source"", ""has_evidence"", ""negated"", ""object"", ""object_category"", ""object_label"", ""predicate"", ""primary_knowledge_source"", ""publications"", ""qualifiers"", ""subject"", ""subject_category"", ""subject_label"", ""subject_taxon"", ""subject_taxon_label""]"
Monarch3,tsv,4.18,18999,15,"[""aggregator_knowledge_source"", ""has_evidence"", ""negated"", ""object"", ""object_category"", ""object_label"", ""predicate"", ""primary_knowledge_source"", ""publications"", ""qualifiers"", ""subject"", ""subject_category"", ""subject_label"", ""subject_taxon"", ""subject_taxon_label""]"
Monarch4,tsv,20.65,105586,15,"[""aggregator_knowledge_source"", ""has_evidence"", ""negated"", ""object"", ""object_category"", ""object_label"", ""predicate"", ""primary_knowledge_source"", ""publications"", ""qualifiers"", ""subject"", ""subject_category"", ""subject_label"", ""subject_taxon"", ""subject_taxon_label""]"
Monarch5,tsv,1.76,8740,15,"[""aggregator_knowledge_source"", ""has_evidence"", ""negated"", ""object"", ""object_category"", ""object_label"", ""predicate"", ""primary_knowledge_source"", ""publications"", ""qualifiers"", ""subject"", ""subject_category"", ""subject_label"", ""subject_taxon"", ""subject_taxon_label""]"
Monarch6,tsv,2.2,8820,15,"[""aggregator_knowledge_source"", ""has_evidence"", ""negated"", ""object"", ""object_category"", ""object_label"", ""predicate"", ""primary_knowledge_source"", ""publications"", ""qualifiers"", ""subject"", ""subject_category"", ""subject_label"", ""subject_taxon"", ""subject_taxon_label""]"
Monarch7,tsv,0.2,1018,15,"[""aggregator_knowledge_source"", ""has_evidence"", ""negated"", ""object"", ""object_category"", ""object_label"", ""predicate"", ""primary_knowledge_source"", ""publications"", ""qualifiers"", ""subject"", ""subject_category"", ""subject_label"", ""subject_taxon"", ""subject_taxon_label""]"
Monarch8,tsv,62.14,256073,15,"[""aggregator_knowledge_source"", ""has_evidence"", ""negated"", ""object"", ""object_category"", ""object_label"", ""predicate"", ""primary_knowledge_source"", ""publications"", ""qualifiers"", ""subject"", ""subject_category"", ""subject_label"", ""subject_taxon"", ""subject_taxon_label""]"
Monarch9,tsv,553.42,2436727,15,"[""aggregator_knowledge_source"", ""has_evidence"", ""negated"", ""object"", ""object_category"", ""object_label"", ""predicate"", ""primary_knowledge_source"", ""publications"", ""qualifiers"", ""subject"", ""subject_category"", ""subject_label"", ""subject_taxon"", ""subject_taxon_label""]"
Orphadata,json,34.16,1,1,"[""JDBOR""]"
Orphadata10,xml,0.22,NA,17,"[""Availability"", ""Classification"", ""ClassificationList"", ""ClassificationNode"", ""ClassificationNodeChildList"", ""ClassificationNodeRootList"", ""Disorder"", ""DisorderType"", ""ExpertLink"", ""FullName"", ""JDBOR"", ""LegalCode"", ""Licence"", ""Name"", ""OrphaCode"", ""OrphaNumber"", ""ShortIdentifier""]"
Orphadata11,xml,0.18,NA,17,"[""Availability"", ""Classification"", ""ClassificationList"", ""ClassificationNode"", ""ClassificationNodeChildList"", ""ClassificationNodeRootList"", ""Disorder"", ""DisorderType"", ""ExpertLink"", ""FullName"", ""JDBOR"", ""LegalCode"", ""Licence"", ""Name"", ""OrphaCode"", ""OrphaNumber"", ""ShortIdentifier""]"
Orphadata12,xml,0.07,NA,17,"[""Availability"", ""Classification"", ""ClassificationList"", ""ClassificationNode"", ""ClassificationNodeChildList"", ""ClassificationNodeRootList"", ""Disorder"", ""DisorderType"", ""ExpertLink"", ""FullName"", ""JDBOR"", ""LegalCode"", ""Licence"", ""Name"", ""OrphaCode"", ""OrphaNumber"", ""ShortIdentifier""]"
Orphadata13,xml,0.87,NA,17,"[""Availability"", ""Classification"", ""ClassificationList"", ""ClassificationNode"", ""ClassificationNodeChildList"", ""ClassificationNodeRootList"", ""Disorder"", ""DisorderType"", ""ExpertLink"", ""FullName"", ""JDBOR"", ""LegalCode"", ""Licence"", ""Name"", ""OrphaCode"", ""OrphaNumber"", ""ShortIdentifier""]"
Orphadata14,xml,0.37,NA,17,"[""Availability"", ""Classification"", ""ClassificationList"", ""ClassificationNode"", ""ClassificationNodeChildList"", ""ClassificationNodeRootList"", ""Disorder"", ""DisorderType"", ""ExpertLink"", ""FullName"", ""JDBOR"", ""LegalCode"", ""Licence"", ""Name"", ""OrphaCode"", ""OrphaNumber"", ""ShortIdentifier""]"
Orphadata15,xml,1.33,NA,17,"[""Availability"", ""Classification"", ""ClassificationList"", ""ClassificationNode"", ""ClassificationNodeChildList"", ""ClassificationNodeRootList"", ""Disorder"", ""DisorderType"", ""ExpertLink"", ""FullName"", ""JDBOR"", ""LegalCode"", ""Licence"", ""Name"", ""OrphaCode"", ""OrphaNumber"", ""ShortIdentifier""]"
Orphadata16,xml,0.73,NA,17,"[""Availability"", ""Classification"", ""ClassificationList"", ""ClassificationNode"", ""ClassificationNodeChildList"", ""ClassificationNodeRootList"", ""Disorder"", ""DisorderType"", ""ExpertLink"", ""FullName"", ""JDBOR"", ""LegalCode"", ""Licence"", ""Name"", ""OrphaCode"", ""OrphaNumber"", ""ShortIdentifier""]"
Orphadata17,xml,0.52,NA,17,"[""Availability"", ""Classification"", ""ClassificationList"", ""ClassificationNode"", ""ClassificationNodeChildList"", ""ClassificationNodeRootList"", ""Disorder"", ""DisorderType"", ""ExpertLink"", ""FullName"", ""JDBOR"", ""LegalCode"", ""Licence"", ""Name"", ""OrphaCode"", ""OrphaNumber"", ""ShortIdentifier""]"
Orphadata18,xml,0.31,NA,17,"[""Availability"", ""Classification"", ""ClassificationList"", ""ClassificationNode"", ""ClassificationNodeChildList"", ""ClassificationNodeRootList"", ""Disorder"", ""DisorderType"", ""ExpertLink"", ""FullName"", ""JDBOR"", ""LegalCode"", ""Licence"", ""Name"", ""OrphaCode"", ""OrphaNumber"", ""ShortIdentifier""]"
Orphadata19,xml,0.27,NA,17,"[""Availability"", ""Classification"", ""ClassificationList"", ""ClassificationNode"", ""ClassificationNodeChildList"", ""ClassificationNodeRootList"", ""Disorder"", ""DisorderType"", ""ExpertLink"", ""FullName"", ""JDBOR"", ""LegalCode"", ""Licence"", ""Name"", ""OrphaCode"", ""OrphaNumber"", ""ShortIdentifier""]"
Orphadata2,xml,0.19,NA,17,"[""Availability"", ""Classification"", ""ClassificationList"", ""ClassificationNode"", ""ClassificationNodeChildList"", ""ClassificationNodeRootList"", ""Disorder"", ""DisorderType"", ""ExpertLink"", ""FullName"", ""JDBOR"", ""LegalCode"", ""Licence"", ""Name"", ""OrphaCode"", ""OrphaNumber"", ""ShortIdentifier""]"
Orphadata20,xml,0.09,NA,17,"[""Availability"", ""Classification"", ""ClassificationList"", ""ClassificationNode"", ""ClassificationNodeChildList"", ""ClassificationNodeRootList"", ""Disorder"", ""DisorderType"", ""ExpertLink"", ""FullName"", ""JDBOR"", ""LegalCode"", ""Licence"", ""Name"", ""OrphaCode"", ""OrphaNumber"", ""ShortIdentifier""]"
Orphadata21,xml,0.28,NA,17,"[""Availability"", ""Classification"", ""ClassificationList"", ""ClassificationNode"", ""ClassificationNodeChildList"", ""ClassificationNodeRootList"", ""Disorder"", ""DisorderType"", ""ExpertLink"", ""FullName"", ""JDBOR"", ""LegalCode"", ""Licence"", ""Name"", ""OrphaCode"", ""OrphaNumber"", ""ShortIdentifier""]"
Orphadata22,xml,0.79,NA,17,"[""Availability"", ""Classification"", ""ClassificationList"", ""ClassificationNode"", ""ClassificationNodeChildList"", ""ClassificationNodeRootList"", ""Disorder"", ""DisorderType"", ""ExpertLink"", ""FullName"", ""JDBOR"", ""LegalCode"", ""Licence"", ""Name"", ""OrphaCode"", ""OrphaNumber"", ""ShortIdentifier""]"
Orphadata23,xml,0.36,NA,17,"[""Availability"", ""Classification"", ""ClassificationList"", ""ClassificationNode"", ""ClassificationNodeChildList"", ""ClassificationNodeRootList"", ""Disorder"", ""DisorderType"", ""ExpertLink"", ""FullName"", ""JDBOR"", ""LegalCode"", ""Licence"", ""Name"", ""OrphaCode"", ""OrphaNumber"", ""ShortIdentifier""]"
Orphadata24,xml,0.16,NA,17,"[""Availability"", ""Classification"", ""ClassificationList"", ""ClassificationNode"", ""ClassificationNodeChildList"", ""ClassificationNodeRootList"", ""Disorder"", ""DisorderType"", ""ExpertLink"", ""FullName"", ""JDBOR"", ""LegalCode"", ""Licence"", ""Name"", ""OrphaCode"", ""OrphaNumber"", ""ShortIdentifier""]"
Orphadata25,xml,1.05,NA,17,"[""Availability"", ""Classification"", ""ClassificationList"", ""ClassificationNode"", ""ClassificationNodeChildList"", ""ClassificationNodeRootList"", ""Disorder"", ""DisorderType"", ""ExpertLink"", ""FullName"", ""JDBOR"", ""LegalCode"", ""Licence"", ""Name"", ""OrphaCode"", ""OrphaNumber"", ""ShortIdentifier""]"
Orphadata26,xml,0.15,NA,17,"[""Availability"", ""Classification"", ""ClassificationList"", ""ClassificationNode"", ""ClassificationNodeChildList"", ""ClassificationNodeRootList"", ""Disorder"", ""DisorderType"", ""ExpertLink"", ""FullName"", ""JDBOR"", ""LegalCode"", ""Licence"", ""Name"", ""OrphaCode"", ""OrphaNumber"", ""ShortIdentifier""]"
Orphadata27,xml,0.04,NA,17,"[""Availability"", ""Classification"", ""ClassificationList"", ""ClassificationNode"", ""ClassificationNodeChildList"", ""ClassificationNodeRootList"", ""Disorder"", ""DisorderType"", ""ExpertLink"", ""FullName"", ""JDBOR"", ""LegalCode"", ""Licence"", ""Name"", ""OrphaCode"", ""OrphaNumber"", ""ShortIdentifier""]"
Orphadata28,xml,0.24,NA,17,"[""Availability"", ""Classification"", ""ClassificationList"", ""ClassificationNode"", ""ClassificationNodeChildList"", ""ClassificationNodeRootList"", ""Disorder"", ""DisorderType"", ""ExpertLink"", ""FullName"", ""JDBOR"", ""LegalCode"", ""Licence"", ""Name"", ""OrphaCode"", ""OrphaNumber"", ""ShortIdentifier""]"
Orphadata29,xml,0.17,NA,17,"[""Availability"", ""Classification"", ""ClassificationList"", ""ClassificationNode"", ""ClassificationNodeChildList"", ""ClassificationNodeRootList"", ""Disorder"", ""DisorderType"", ""ExpertLink"", ""FullName"", ""JDBOR"", ""LegalCode"", ""Licence"", ""Name"", ""OrphaCode"", ""OrphaNumber"", ""ShortIdentifier""]"
Orphadata3,xml,4.75,NA,17,"[""Availability"", ""Classification"", ""ClassificationList"", ""ClassificationNode"", ""ClassificationNodeChildList"", ""ClassificationNodeRootList"", ""Disorder"", ""DisorderType"", ""ExpertLink"", ""FullName"", ""JDBOR"", ""LegalCode"", ""Licence"", ""Name"", ""OrphaCode"", ""OrphaNumber"", ""ShortIdentifier""]"
Orphadata30,xml,0.02,NA,17,"[""Availability"", ""Classification"", ""ClassificationList"", ""ClassificationNode"", ""ClassificationNodeChildList"", ""ClassificationNodeRootList"", ""Disorder"", ""DisorderType"", ""ExpertLink"", ""FullName"", ""JDBOR"", ""LegalCode"", ""Licence"", ""Name"", ""OrphaCode"", ""OrphaNumber"", ""ShortIdentifier""]"
Orphadata31,xml,0.02,NA,17,"[""Availability"", ""Classification"", ""ClassificationList"", ""ClassificationNode"", ""ClassificationNodeChildList"", ""ClassificationNodeRootList"", ""Disorder"", ""DisorderType"", ""ExpertLink"", ""FullName"", ""JDBOR"", ""LegalCode"", ""Licence"", ""Name"", ""OrphaCode"", ""OrphaNumber"", ""ShortIdentifier""]"
Orphadata32,xml,0.09,NA,17,"[""Availability"", ""Classification"", ""ClassificationList"", ""ClassificationNode"", ""ClassificationNodeChildList"", ""ClassificationNodeRootList"", ""Disorder"", ""DisorderType"", ""ExpertLink"", ""FullName"", ""JDBOR"", ""LegalCode"", ""Licence"", ""Name"", ""OrphaCode"", ""OrphaNumber"", ""ShortIdentifier""]"
Orphadata33,xml,1.41,NA,17,"[""Availability"", ""Classification"", ""ClassificationList"", ""ClassificationNode"", ""ClassificationNodeChildList"", ""ClassificationNodeRootList"", ""Disorder"", ""DisorderType"", ""ExpertLink"", ""FullName"", ""JDBOR"", ""LegalCode"", ""Licence"", ""Name"", ""OrphaCode"", ""OrphaNumber"", ""ShortIdentifier""]"
Orphadata34,xml,0.0,NA,17,"[""Availability"", ""Classification"", ""ClassificationList"", ""ClassificationNode"", ""ClassificationNodeChildList"", ""ClassificationNodeRootList"", ""Disorder"", ""DisorderType"", ""ExpertLink"", ""FullName"", ""JDBOR"", ""LegalCode"", ""Licence"", ""Name"", ""OrphaCode"", ""OrphaNumber"", ""ShortIdentifier""]"
Orphadata35,xml,12.19,NA,16,"[""Availability"", ""Disorder"", ""DisorderDisorderAssociation"", ""DisorderDisorderAssociationList"", ""DisorderDisorderAssociationType"", ""DisorderList"", ""ExpertLink"", ""FullName"", ""JDBOR"", ""LegalCode"", ""Licence"", ""Name"", ""OrphaCode"", ""RootDisorder"", ""ShortIdentifier"", ""TargetDisorder""]"
Orphadata36,xml,21.77,NA,31,"[""Availability"", ""Disorder"", ""DisorderGeneAssociation"", ""DisorderGeneAssociationList"", ""DisorderGeneAssociationStatus"", ""DisorderGeneAssociationType"", ""DisorderGroup"", ""DisorderList"", ""DisorderType"", ""ExpertLink"", ""ExternalReference"", ""ExternalReferenceList"", ""FullName"", ""Gene"", ""GeneLocus"", ""GeneType"", ""JDBOR"", ""LegalCode"", ""Licence"", ""Locus"", ""LocusKey"", ""LocusList"", ""Name"", ""OrphaCode"", ""Reference"", ""ShortIdentifier"", ""Source"", ""SourceOfValidation"", ""Symbol"", ""Synonym"", ""SynonymList""]"
Orphadata37,xml,46.53,NA,25,"[""Availability"", ""DiagnosticCriteria"", ""Disorder"", ""DisorderGroup"", ""DisorderType"", ""ExpertLink"", ""FullName"", ""HPO"", ""HPODisorderAssociation"", ""HPODisorderAssociationList"", ""HPODisorderSetStatus"", ""HPODisorderSetStatusList"", ""HPOFrequency"", ""HPOId"", ""HPOTerm"", ""JDBOR"", ""LegalCode"", ""Licence"", ""Name"", ""Online"", ""OrphaCode"", ""ShortIdentifier"", ""Source"", ""ValidationDate"", ""ValidationStatus""]"
Orphadata38,xml,25.03,NA,30,"[""Availability"", ""Defined"", ""Disability"", ""DisabilityCategory"", ""DisabilityDisorderAssociation"", ""DisabilityDisorderAssociationList"", ""Disorder"", ""DisorderDisabilityRelevance"", ""DisorderDisabilityRelevanceList"", ""DisorderGroup"", ""DisorderType"", ""ExpertLink"", ""FrequenceDisability"", ""FullName"", ""JDBOR"", ""LegalCode"", ""Licence"", ""LossOfAbility"", ""Name"", ""Online"", ""OrphaCode"", ""ReasonForNotApplicable"", ""SeverityDisability"", ""ShortIdentifier"", ""SourceOfValidation"", ""SpecificManagement"", ""StatusDisability"", ""TemporalityDisability"", ""Type"", ""ValidDate""]"
Orphadata39,xml,15.35,NA,22,"[""Availability"", ""Disorder"", ""DisorderGroup"", ""DisorderList"", ""DisorderType"", ""ExpertLink"", ""FullName"", ""JDBOR"", ""LegalCode"", ""Licence"", ""Name"", ""OrphaCode"", ""Prevalence"", ""PrevalenceClass"", ""PrevalenceGeographic"", ""PrevalenceList"", ""PrevalenceQualification"", ""PrevalenceType"", ""PrevalenceValidationStatus"", ""ShortIdentifier"", ""Source"", ""ValMoy""]"
Orphadata4,xml,0.21,NA,17,"[""Availability"", ""Classification"", ""ClassificationList"", ""ClassificationNode"", ""ClassificationNodeChildList"", ""ClassificationNodeRootList"", ""Disorder"", ""DisorderType"", ""ExpertLink"", ""FullName"", ""JDBOR"", ""LegalCode"", ""Licence"", ""Name"", ""OrphaCode"", ""OrphaNumber"", ""ShortIdentifier""]"
Orphadata40,xml,6.42,NA,17,"[""Availability"", ""AverageAgeOfOnset"", ""AverageAgeOfOnsetList"", ""Disorder"", ""DisorderGroup"", ""DisorderList"", ""DisorderType"", ""ExpertLink"", ""FullName"", ""JDBOR"", ""LegalCode"", ""Licence"", ""Name"", ""OrphaCode"", ""ShortIdentifier"", ""TypeOfInheritance"", ""TypeOfInheritanceList""]"
Orphadata5,xml,0.87,NA,17,"[""Availability"", ""Classification"", ""ClassificationList"", ""ClassificationNode"", ""ClassificationNodeChildList"", ""ClassificationNodeRootList"", ""Disorder"", ""DisorderType"", ""ExpertLink"", ""FullName"", ""JDBOR"", ""LegalCode"", ""Licence"", ""Name"", ""OrphaCode"", ""OrphaNumber"", ""ShortIdentifier""]"
Orphadata6,xml,0.21,NA,17,"[""Availability"", ""Classification"", ""ClassificationList"", ""ClassificationNode"", ""ClassificationNodeChildList"", ""ClassificationNodeRootList"", ""Disorder"", ""DisorderType"", ""ExpertLink"", ""FullName"", ""JDBOR"", ""LegalCode"", ""Licence"", ""Name"", ""OrphaCode"", ""OrphaNumber"", ""ShortIdentifier""]"
Orphadata7,xml,14.72,NA,17,"[""Availability"", ""Classification"", ""ClassificationList"", ""ClassificationNode"", ""ClassificationNodeChildList"", ""ClassificationNodeRootList"", ""Disorder"", ""DisorderType"", ""ExpertLink"", ""FullName"", ""JDBOR"", ""LegalCode"", ""Licence"", ""Name"", ""OrphaCode"", ""OrphaNumber"", ""ShortIdentifier""]"
Orphadata8,xml,0.18,NA,17,"[""Availability"", ""Classification"", ""ClassificationList"", ""ClassificationNode"", ""ClassificationNodeChildList"", ""ClassificationNodeRootList"", ""Disorder"", ""DisorderType"", ""ExpertLink"", ""FullName"", ""JDBOR"", ""LegalCode"", ""Licence"", ""Name"", ""OrphaCode"", ""OrphaNumber"", ""ShortIdentifier""]"
Orphadata9,xml,0.16,NA,17,"[""Availability"", ""Classification"", ""ClassificationList"", ""ClassificationNode"", ""ClassificationNodeChildList"", ""ClassificationNodeRootList"", ""Disorder"", ""DisorderType"", ""ExpertLink"", ""FullName"", ""JDBOR"", ""LegalCode"", ""Licence"", ""Name"", ""OrphaCode"", ""OrphaNumber"", ""ShortIdentifier""]"
