g2p id,gene symbol,gene mim,hgnc id,previous gene symbols,disease name,disease mim,disease MONDO,allelic requirement,cross cutting modifier,confidence,variant consequence,variant types,molecular mechanism,molecular mechanism support,molecular mechanism categorisation,molecular mechanism evidence,phenotypes,publications,additional mined publications,panel,comments,date of last review,review
G2P03582,MYO6,600970,7605,DFNA22; DFNB37; KIAA0389,MYO6-related nonsyndromic genetic hearing loss,,,biallelic_autosomal,,definitive,altered gene product structure; decreased gene product level,frameshift_variant; missense_variant; splice_acceptor_variant; splice_donor_variant; stop_gained,undetermined,inferred,,,,12687499; 18348273; 23485424; 24105371; 25999546,,Ear,,2024-11-28 14:52:17+00:00,
G2P03583,MYO6,600970,7605,DFNA22; DFNB37; KIAA0389,MYO6-related nonsyndromic genetic hearing loss,,,monoallelic_autosomal,,definitive,altered gene product structure; decreased gene product level,frameshift_variant; missense_variant; splice_acceptor_variant; splice_donor_variant; stop_gained,undetermined,inferred,,,,18348273; 23485424; 24105371; 25999546,,Ear,,2024-11-28 14:47:17+00:00,
G2P03727,PLXNB2,604293,9104,KIAA0315; LNCFAL; MM1; PLEXB2,"PLXNB2-related hearing loss, amelogenesis imperfecta and intellectual disability",,,biallelic_autosomal,,moderate,absent gene product; altered gene product structure; decreased gene product level,frameshift_variant; inframe_deletion; missense_variant; splice_region_variant; stop_gained,loss of function,inferred,,,,38458752,,DD; Ear,,2025-04-02 09:23:52+00:00,
G2P01043,ATP6V1B1,192132,853,ATP6B1; RTA1B; VATB; VMA2; VPP3,ATP6V1B1-related distal renal tubular acidosis with deafness,267300,MONDO:0009968,biallelic_autosomal,,definitive,absent gene product,,loss of function,inferred,,,HP:0000007; HP:0000407; HP:0000787; HP:0001947,12566520; 18798332; 9916796,12414817; 12500243; 16433694; 16611712; 17216496; 17669226; 19478356; 19639346; 20233014; 20805693; 21614596; 21849803; 22509993; 22966473; 23729491; 23754897; 23923981; 24252324; 24975934; 25579729; 26208211; 27140593; 27247958; 28188436; 28893421; 28994037; 29024829; 30230413; 30558562; 31733597; 31959358; 32613277; 33881640; 34159584; 35301649; 35612621; 36165107; 37121229; 40232499,DD; Ear,,2025-04-08 16:55:59+00:00,
G2P00109,CACNA1D,114206,1391,CACH3; CACN4; CACNL1A2; CAV1.3; CCHL1A2,CACNA1D-related sinoatrial node dysfunction and deafness,614896,MONDO:0013960,biallelic_autosomal,,strong,absent gene product,,loss of function,inferred,,,HP:0000007; HP:0001662,21131953,30498240,DD; Ear,,2025-04-08 16:59:03+00:00,
G2P01747,CDC14A,603504,1718,CDC14; CDC14A1; CDC14A2; DFNB105; DFNB32,CDC14A-related deafness,,,biallelic_autosomal,,strong,absent gene product,,loss of function,inferred,,,,27259055,,Ear,,2025-04-08 17:02:31+00:00,
G2P00279,CDH23,605516,13733,CDHR23; DFNB12; USH1D,CDH23-related deafness,601386,MONDO:0011067,biallelic_autosomal,,definitive,altered gene product structure,inframe_deletion; inframe_insertion; missense_variant,undetermined,inferred,,,HP:0000007; HP:0000399; HP:0000478,11090341; 12075507; 15829536; 17850630,12522556; 12786748; 15353998; 16679490; 17407589; 18368581; 19375528; 21117948; 22652773; 22899989; 24416283; 24767429; 25211151; 26226137; 26561413; 27792758; 28383030; 28501645; 29142287; 29148562; 31322239; 31445392; 32842620; 32864763; 33316915; 34335733; 34752165; 36468022; 38720048; 39287240; 39467922; 39475434; 39684270; 39777619,DD; Ear,,2025-04-08 17:03:02+00:00,
G2P00885,CIB2,605564,24579,DFNB48; KIP2; USH1J,CIB2-related nonsyndromic deafness,609439,MONDO:0012273,biallelic_autosomal,,strong,altered gene product structure,inframe_deletion; inframe_insertion; missense_variant,undetermined,inferred,,,HP:0000007; HP:0001751; HP:0011476,23023331; 23331261; 27771768; 29112224,26173970; 26416264; 26426422; 34194829,DD; Ear,,2025-04-08 17:05:36+00:00,
G2P01415,CLDN14,605608,2035,DFNB29,CLDN14-related deafness,614035,MONDO:0013537,biallelic_autosomal,,definitive,absent gene product,,loss of function,inferred,,,,11163249; 15880785,,Ear,,2025-04-08 17:06:34+00:00,
G2P00879,COL11A2,120290,2187,DFNA13; DFNB53; HKE5,COL11A2-related deafness (monoallelic),609706,MONDO:0012333,monoallelic_autosomal,,definitive,altered gene product structure,inframe_deletion; inframe_insertion; missense_variant,undetermined,inferred,,,HP:0000006; HP:0000407,10581026; 10733181; 11177008; 15562903,11559344; 12324385,DD; Ear,,2025-04-08 17:07:43+00:00,
G2P00519,DSPP,125485,3054,DFNA39; DGI1; DMP3,DSPP-related deafness with dentinogenesis imperfecta,605594,MONDO:0011571,monoallelic_autosomal,,definitive,altered gene product structure,inframe_deletion; inframe_insertion; missense_variant,undetermined,inferred,,,HP:0000006; HP:0000360; HP:0000703; HP:0005101; HP:0008619,11175790,15241678; 16920545; 17552940; 19021896; 22243242; 22310900; 27973701; 29606904; 29741433,DD; Ear,,2025-04-08 17:09:30+00:00,
G2P00225,ESPN,606351,13281,DFNB36,ESPN-related deafness with or without vestibular involvement,609006,MONDO:0012170,biallelic_autosomal,,definitive,absent gene product,,loss of function,inferred,,,HP:0000007; HP:0000407; HP:0008568,15286153; 15930085; 18973245,,Ear,,2025-04-08 17:11:44+00:00,
G2P00264,ESRRB,602167,3473,DFNB35; ERR2; ERRB; ERRBETA; ESRL2; NR3B2,ESRRB-related deafness,608565,MONDO:0012060,biallelic_autosomal,,definitive,absent gene product,,loss of function,inferred,,,HP:0000007; HP:0000407,12529709; 18179891,,Ear,,2025-04-08 17:13:34+00:00,
G2P01237,EYA4,603550,3522,CMD1J; DFNA10,EYA4-related deafness,601316,MONDO:0011031,monoallelic_autosomal,,definitive,absent gene product,,loss of function,inferred,,,HP:0000006; HP:0000407,11159937; 17567890; 17568404,,Ear,,2025-04-08 17:14:59+00:00,
G2P00715,FGF3,164950,3681,HBGF-3; INT2,"FGF3-related deafness with labyrinthine aplasia, microtia and microdontia",610706,MONDO:0012541,biallelic_autosomal,,definitive,absent gene product,,loss of function,inferred,,,HP:0000007; HP:0000276; HP:0000347; HP:0000687; HP:0000691; HP:0000698; HP:0002194; HP:0010609; HP:0011372; HP:0011476,17236138; 18435799; 18701883; 21480479,17632770; 17656375; 19950373; 21306635; 21752681; 22297612; 25432227; 28018436; 28151902; 30433887; 31336982; 33552643; 36934406; 39425091; 39976283,DD; Ear,,2025-04-08 17:15:45+00:00,
G2P01851,GJB2,121011,4284,CX26; DFNA3; DFNB1; NSRD1,GJB2-related deafness,220290,MONDO:0009076,biallelic_autosomal,,definitive,absent gene product,,loss of function,inferred,,,HP:0000007; HP:0000407; HP:0001751; HP:0010984,10218527; 10633133; 10982182; 11313763; 11556849; 12121355; 12239718; 15253766; 17660464; 8789457; 9139825; 9328482; 9336442; 9471561; 9819448,,Skin; Ear,,2025-04-08 17:16:30+00:00,
G2P00125,GPSM2,609245,29501,DFNB82; LGN; PINS,"GPSM2-related sensorineural hearing loss with corpus callosum hypoplasia, gray matter heterotopia and arachnoid cysts",604213,MONDO:0011411,biallelic_autosomal,,definitive,absent gene product,,loss of function,inferred,,,,20602914; 22578326,21029073; 21348867; 22987632; 23494849; 26561413; 27064331; 27180139; 30907716; 33016209; 38567212,DD; Ear,,2025-04-08 17:17:12+00:00,
G2P00839,GRXCR1,613283,31673,DFNB25; PPP1R88,GRXCR1-related deafness,613285,MONDO:0013210,biallelic_autosomal,,definitive,absent gene product,,loss of function,inferred,,,HP:0000007; HP:0000364,20137778,,Ear,,2025-04-08 17:18:38+00:00,
G2P00153,GSDME,608798,2810,DFNA5,GSDME-related deafness,600994,MONDO:0010973,monoallelic_autosomal,,strong,absent gene product,,loss of function,inferred,,,HP:0000006; HP:0000408,14559215; 14676472; 17868390; 9771715,,Ear,,2025-04-08 17:19:20+00:00,
G2P01496,HGF,142409,4893,DFNB39; F-TCF; HGFB; HPTA; SF,HGF-related deafness,608265,MONDO:0012003,biallelic_autosomal,,limited,absent gene product,,loss of function,inferred,,,HP:0000007; HP:0000399,19576567,,Ear,,2025-04-08 17:20:18+00:00,
G2P01382,ILDR1,609739,28741,DFNB42; MGC50831,ILDR1-related deafness,609646,MONDO:0012326,biallelic_autosomal,,definitive,absent gene product,,loss of function,inferred,,,HP:0000007; HP:0000407; HP:0003593; HP:0003680,15641023; 21255762,,Ear,,2025-04-08 17:20:56+00:00,
G2P01375,KARS1,601421,6215,DFNB89; KARS; KARS2,KARS1-related deafness,613916,MONDO:0013489,biallelic_autosomal,potential secondary finding,limited,altered gene product structure,inframe_deletion; inframe_insertion; missense_variant,undetermined,inferred,,,HP:0000007,23768514,27891585; 31767665,DD; Ear,,2025-04-08 17:21:44+00:00,
G2P00791,LHFPL5,609427,21253,DFNB67; DJ510O8.8; MGC33835; TMHS,LHFPL5-related deafness,610265,MONDO:0012460,biallelic_autosomal,,strong,absent gene product,,loss of function,inferred,,,HP:0000007; HP:0000407,16459341; 16752389,,Ear,,2025-04-08 17:24:47+00:00,
G2P01856,LOXHD1,613072,26521,DFNB77; FLJ32670; LH2D1,LOXHD1-related deafness,613079,MONDO:0013119,biallelic_autosomal,,definitive,absent gene product,,loss of function,inferred,,,HP:0000007; HP:0000365,,,Ear,,2025-04-08 17:25:20+00:00,
G2P00480,MARVELD2,610572,26401,DFNB49; FLJ30532; MRVLDC2; TRIC,MARVELD2-related deafness,610153,MONDO:0012420,biallelic_autosomal,,strong,absent gene product,,loss of function,inferred,,,HP:0000007; HP:0000399,17186462; 18084694,,Ear,,2025-04-08 17:26:18+00:00,
G2P00286,MIR96,611606,31648,DFNA50; MIRN96,MIR96-related deafness,613074,MONDO:0013114,monoallelic_autosomal,potential secondary finding,moderate,uncertain,,undetermined,inferred,,,HP:0000006; HP:0000407; HP:0001730,,,Ear,,2025-04-08 17:26:45+00:00,
G2P00666,MSRB3,613719,27375,DFNB74; DKFZP686C1178; FLJ36866,MSRB3-related deafness,613718,MONDO:0013386,biallelic_autosomal,,strong,altered gene product structure,inframe_deletion; inframe_insertion; missense_variant,undetermined,inferred,,,HP:0000007,21185009,,Ear,,2025-04-08 17:27:21+00:00,
G2P00565,MYO15A,602666,7594,DFNB3; MYO15,MYO15A-related deafness,600316,MONDO:0010860,biallelic_autosomal,,definitive,absent gene product,,loss of function,inferred,,,HP:0000007; HP:0011476,11735029; 17546645; 17851452; 17853461; 9603736,,Ear,,2025-04-08 17:28:16+00:00,
G2P00237,MYO7A,276903,7606,DFNA11; DFNB2; NSRD2; USH1B,MYO7A-related deafness,600060,MONDO:0010807,biallelic_autosomal,potential secondary finding,definitive,absent gene product,,loss of function,inferred,,,HP:0000007; HP:0000407; HP:0000510; HP:0000550; HP:0000572; HP:0001270; HP:0001425; HP:0002321; HP:0003577; HP:0003674; HP:0008513; HP:0008527; HP:0008555; HP:0008591; HP:0008619,7870171; 9171833,15823922; 16449806; 16470552; 16639269; 17093394; 17361009; 17960123; 18463160; 18484607; 18564497; 19375528; 20132242; 20379205; 21150918; 21873662; 22219650; 22681893; 22690115; 22898263; 23226338; 23237960; 23383098; 23559863; 23882135; 24194196; 24199935; 24618850; 24831256; 25080338; 25252889; 25558175; 25798947; 26226137; 26309859; 26338283; 26469752; 26561413; 26654877; 26791358; 26864046; 26968074; 27344577; 27440999; 27729122; 27828912; 27957503; 28346292; 28451532; 28472130; 28688563; 28731162; 28802369; 29142287; 29287847; 29287864; 29400105; 29416772; 29511501; 29551606; 29605349; 29942180; 30358468; 30800556; 30826590; 30881389; 31035849; 31479088; 31898538; 31997689; 32279305; 32428919; 32864763; 32995707; 33187236; 33363762; 33576163; 33671976; 33835720; 33976695; 34148116; 34192699; 34391192; 34948090; 36164746; 36484953; 36565421; 36630074; 37165311; 37727480; 38141656; 38594301; 38796585; 39151776; 39412438; 39467922; 40149483; 40241930; 40257781; 40371963; 40569347,DD; Ear,,2025-04-08 17:28:55+00:00,
G2P00226,OTOA,607038,16378,CT108; DFNB22,OTOA-related deafness,607039,MONDO:0011762,biallelic_autosomal,,limited,absent gene product,,loss of function,inferred,,,HP:0000007; HP:0000407,19888295,,Ear,,2025-04-08 17:29:44+00:00,
G2P00090,OTOF,603681,8515,DFNB6; DFNB9; FER1L2,OTOF-related deafness,601071,MONDO:0010986,biallelic_autosomal,,definitive,absent gene product,,loss of function,inferred,,,HP:0000007; HP:0000407; HP:0004463; HP:0008529,,,Ear,,2025-04-08 17:30:09+00:00,
G2P00417,PJVK,610219,29502,DFNB59,PJVK-related deafness,610220,MONDO:0012445,biallelic_autosomal,,definitive,absent gene product,,loss of function,inferred,,,HP:0000007; HP:0000407,16804542; 17301963; 17329413; 17373699; 17718865,,Ear,,2025-04-08 17:30:47+00:00,
G2P00945,PTPRQ,603317,9679,DFNB84,PTPRQ-related deafness,613391,MONDO:0013249,biallelic_autosomal,,strong,absent gene product,,loss of function,inferred,,,HP:0000007; HP:0000365; HP:0001270; HP:0001751; HP:0003593,20346435,,Ear,,2025-04-08 17:31:28+00:00,
G2P01113,SERPINB6,173321,8950,CAP; DFNB91; PI6; PTI,SERPINB6-related deafness,613453,MONDO:0013269,biallelic_autosomal,,definitive,absent gene product,,loss of function,inferred,,,HP:0000007; HP:0001730,20451170,,Ear,,2025-04-08 17:32:08+00:00,
G2P00632,TECTA,602574,11720,DFNA12; DFNA8; DFNB21,TECTA-related deafness,601543,MONDO:0011102,monoallelic_autosomal,,definitive,altered gene product structure,inframe_deletion; inframe_insertion; missense_variant,undetermined,inferred,,,HP:0000006; HP:0000407,9590290,,Ear,,2025-04-08 17:33:06+00:00,
G2P00457,TECTA,602574,11720,DFNA12; DFNA8; DFNB21,TECTA-related deafness,601543,MONDO:0011102,biallelic_autosomal,,definitive,absent gene product,,loss of function,inferred,,,HP:0000007; HP:0000407,9949200,,Ear,,2025-04-08 17:33:26+00:00,
G2P00939,TPRN,613354,26894,C9ORF75; DFNB79; FLJ90254,TPRN-related deafness,613307,MONDO:0013215,biallelic_autosomal,,definitive,absent gene product,,loss of function,inferred,,,HP:0000407; HP:0000750,20170898; 20170899,,Ear,,2025-04-08 17:34:05+00:00,
G2P01945,ABHD12,613599,15868,ABHD12A; BEM46L2; C20ORF22; DJ965G21.2; DKFZP434P106,"ABHD12-related polyneuropathy, hearing loss, ataxia, retinitis pigmentosa, and cataract",612674,MONDO:0012984,biallelic_autosomal,,definitive,absent gene product,,loss of function,inferred,,,HP:0000007; HP:0000407; HP:0000510; HP:0000523; HP:0000556; HP:0000639; HP:0000648; HP:0000762; HP:0001251; HP:0001257; HP:0001260; HP:0001265; HP:0001271; HP:0001272; HP:0001310; HP:0001347; HP:0001761; HP:0001771; HP:0002936; HP:0003487; HP:0003677; HP:0003693; HP:0003812; HP:0003828; HP:0007141; HP:0008619; HP:0011402,20797687; 22938382; 24027063; 24697911; 27890673; 28448692,,Eye; Ear,,2025-04-09 08:33:19+00:00,
G2P01638,ACTG1,102560,144,ACTG; DFNA20; DFNA26,ACTG1-related Baraitser-Winter syndrome,614583,MONDO:0013812,monoallelic_autosomal,restricted mutation set,definitive,altered gene product structure,inframe_deletion; inframe_insertion; missense_variant,gain of function,inferred,,,HP:0000006; HP:0000153; HP:0000154; HP:0000159; HP:0000177; HP:0000179; HP:0000202; HP:0000219; HP:0000243; HP:0000248; HP:0000252; HP:0000271; HP:0000307; HP:0000316; HP:0000343; HP:0000364; HP:0000365; HP:0000366; HP:0000377; HP:0000407; HP:0000465; HP:0000470; HP:0000492; HP:0000508; HP:0000568; HP:0000589; HP:0000598; HP:0000637; HP:0000929; HP:0001155; HP:0001167; HP:0001249; HP:0001250; HP:0001263; HP:0001274; HP:0001339; HP:0001760; HP:0002119; HP:0002500; HP:0002553; HP:0002817; HP:0003812; HP:0004298; HP:0004299; HP:0004322; HP:0005484; HP:0011297; HP:0011343; HP:0011389; HP:0011844,22366783; 25052316; 27096712; 27240540; 29024830,13680526; 14684684; 16773128; 18804074; 19548389; 25388789; 25624931; 25792668; 26188271; 26832775; 27625340; 27868373; 28496999; 29357087; 29620237; 30599039; 30622556; 31231230; 32028042; 32341388; 32506774; 34698053; 35054877; 36205783; 36810952; 38592426; 39639254,DD; Eye; Ear,,2025-04-09 08:42:19+00:00,
G2P01950,ADGRV1,602851,17416,DKFZP761P0710; FEB4; GPR98; KIAA0686; MASS1; USH2C; VLGR1,ADGRV1-related Usher syndrome,605472,MONDO:0011558,biallelic_autosomal,,strong,absent gene product,,loss of function,inferred,,,HP:0000007; HP:0000510; HP:0000556; HP:0000580; HP:0008527; HP:0010984,14740321; 19357116; 19357117,,Eye; Ear,,2025-04-09 08:43:42+00:00,
G2P03210,AFG2B,619578,28762,SPATA5L1,AFG2B-related sensorineural hearing loss and intellectual disability,619616,MONDO:0859206,biallelic_autosomal,,moderate,absent gene product,,loss of function,inferred,,,HP:0000252; HP:0000407; HP:0001257; HP:0001263; HP:0100021,34626583,34864870; 37902276,DD; Ear,,2025-04-09 08:46:54+00:00,
G2P00881,ALMS1,606844,428,KIAA0328,ALMS1-related Alstrom syndrome,203800,MONDO:0008763,biallelic_autosomal,,definitive,absent gene product,,loss of function,inferred,,,HP:0000007; HP:0000083; HP:0000123; HP:0000164; HP:0000230; HP:0000388; HP:0000408; HP:0000523; HP:0000548; HP:0000580; HP:0000613; HP:0000618; HP:0000639; HP:0000771; HP:0000815; HP:0000821; HP:0000822; HP:0000824; HP:0000831; HP:0000842; HP:0000858; HP:0000873; HP:0000956; HP:0001155; HP:0001263; HP:0001397; HP:0001596; HP:0001635; HP:0001644; HP:0001763; HP:0001956; HP:0001970; HP:0002099; HP:0002149; HP:0002155; HP:0002240; HP:0002621; HP:0002650; HP:0002808; HP:0002910; HP:0003233; HP:0004322; HP:0004438; HP:0005616; HP:0005987; HP:0006532; HP:0200120,11941369; 11941370; 14984477; 15689433; 16720663; 17594715; 17850632; 18654604; 21128906; 21877133; 22043170; 22533542; 23652376; 24049434; 24319333; 24503146; 24972238; 25846608; 26010121; 26285675; 26910739; 27665122; 28402684; 28724398; 29193673; 29715191; 29720996; 30488743; 31669637; 31810438; 31889847; 32945434; 32973878; 33565060; 33669459; 33969109; 33981653; 34148947; 35355858; 35786123; 36162988; 36685911; 36927560; 37937857; 38155680; 9063741,17576719; 17879432; 17879439; 17940554; 18038714; 18154657; 18195218; 18633565; 18676317; 19283853; 19440062; 19515241; 20108502; 21522186; 21722283; 21897446; 22004009; 22303800; 22447358; 22498418; 22576155; 22773737; 22876109; 23188138; 23445176; 24534407; 24690487; 25296579; 25706677; 25864795; 25874828; 26048691; 26111748; 26229500; 26283575; 26566502; 26894450; 26957854; 27523285; 27605748; 27766814; 28029746; 28407410; 28573831; 28610912; 28800606; 29079548; 29718281; 30064963; 30328943; 30421101; 30484169; 30600744; 31755649; 32396277; 32451492; 32867697; 32944671; 32958032; 33197640; 33410256; 33566311; 33924909; 34021019; 34387706; 34877237; 35211159; 35321175; 35558973; 35558979; 35702577; 35761454; 35843912; 35912300; 36109815; 36112829; 36206858; 36263420; 36514460; 36537469; 36636630; 36777792; 37321834; 37439038; 38022732; 38378129; 38428329; 38546151; 38569205; 38721579; 38803594; 38883102; 39095761; 39122231; 39312981; 39742192; 39884403; 40498041; 40512811; 40720941,DD; Eye; Skin; Ear,,2025-04-09 08:47:52+00:00,
G2P03671,BCS1L,603647,1020,BCS; BJS; H-BCS; HS.6719,BCS1L-related Bjornstad syndrome,262000,MONDO:0009872,monoallelic_autosomal,,limited,altered gene product structure,,undetermined,inferred,,,HP:0000007; HP:0000135; HP:0000407; HP:0000970; HP:0001249; HP:0001596; HP:0002208; HP:0002299; HP:0003329; HP:0003593; HP:0003777; HP:0011359,17314340; 28322498,,Skin; Ear,,2025-04-09 08:48:28+00:00,
G2P01544,BSND,606412,16512,BART; DFNB73,"BSND-related Bartter syndrome, type 4a",602522,MONDO:0011242,biallelic_autosomal,,definitive,absent gene product,,loss of function,inferred,,,HP:0000007; HP:0000083; HP:0000103; HP:0000127; HP:0000407; HP:0000859; HP:0000969; HP:0001249; HP:0001252; HP:0001265; HP:0001270; HP:0001425; HP:0001508; HP:0001561; HP:0001563; HP:0001622; HP:0001789; HP:0002900; HP:0002902; HP:0002914; HP:0003081; HP:0003113; HP:0003577; HP:0004737; HP:0004909; HP:0005565; HP:0005576; HP:0012213; HP:0012605,11687798; 12574213; 19646679,12920401; 12949294; 16328537; 16572343; 16583241; 16713495; 16773427; 16935888; 17275579; 18843510; 19096086; 21158220; 21269598; 23110775; 24949729; 26069764; 28012523; 29254190; 29942493; 30174009; 31667618; 36305432; 36314956; 36993809; 37065350; 39382926; 40406393; 40589384; 40612195,DD; Ear,,2025-04-09 08:50:59+00:00,
G2P02086,CEP78,617110,25740,C9ORF81; FLJ12643,CEP78-related cone-rod dystrophy and hearing loss,,MONDO:0014980,biallelic_autosomal,,definitive,absent gene product,,loss of function,inferred,,,HP:0000007; HP:0000407; HP:0000548; HP:0000551; HP:0000580; HP:0000608; HP:0000613; HP:0000639; HP:0007843; HP:0007987; HP:0008179; HP:0008275; HP:0012047; HP:0030465; HP:0030607,27588451; 27627988; 27814526; 28005958,,Eye; Ear,,2025-04-09 08:51:30+00:00,
G2P01399,CHD7,608892,20626,CRG; FLJ20357; FLJ20361; KIAA1416,CHD7-related CHARGE syndrome,214800,MONDO:0008965,monoallelic_autosomal,,definitive,absent gene product,,loss of function,inferred,,,HP:0000006; HP:0000028; HP:0000044; HP:0000050; HP:0000054; HP:0000066; HP:0000085; HP:0000089; HP:0000104; HP:0000126; HP:0000175; HP:0000204; HP:0000252; HP:0000272; HP:0000316; HP:0000321; HP:0000324; HP:0000347; HP:0000359; HP:0000378; HP:0000394; HP:0000407; HP:0000410; HP:0000453; HP:0000458; HP:0000465; HP:0000480; HP:0000494; HP:0000508; HP:0000528; HP:0000567; HP:0000568; HP:0000588; HP:0000589; HP:0000612; HP:0000772; HP:0000821; HP:0000823; HP:0000824; HP:0000860; HP:0001018; HP:0001161; HP:0001171; HP:0001249; HP:0001442; HP:0001537; HP:0001539; HP:0001629; HP:0001631; HP:0001636; HP:0001642; HP:0001643; HP:0001719; HP:0001888; HP:0002015; HP:0002023; HP:0002025; HP:0002032; HP:0002139; HP:0002247; HP:0002575; HP:0002650; HP:0002901; HP:0002937; HP:0003022; HP:0003745; HP:0003812; HP:0003974; HP:0004058; HP:0004404; HP:0005368; HP:0008213; HP:0008551; HP:0008897; HP:0009778; HP:0010443; HP:0010515; HP:0010628; HP:0011968; HP:0200021,15300250; 16118347; 16155193; 16169932; 16400610; 16615981; 16763960; 16960397; 17334995; 17661815; 17937444; 18073582; 18074359; 18445044; 18472328; 18484313; 18505430; 18834967; 18978652; 19021638; 19159393; 19248844; 20052490; 20186815; 20624498; 20943277; 21041284; 21158681; 21196067; 21378379; 21554267; 21931733; 22302456; 22399515; 22517486; 23024289; 23333604; 23495722; 23677905; 23956205; 24550764; 24578717; 24636850; 26590800,27832265; 28155231; 28609304; 29144511; 29152903; 29171162; 29191495; 29255276; 29277338; 29300383; 29355723; 29434620; 29531775; 29536580; 29889784; 29945602; 29979396; 30237300; 30244528; 30359267; 30384553; 30715739; 30733481; 30943680; 31037873; 31043788; 31060112; 31134750; 31146700; 31315586; 31534343; 31689711; 31729160; 31797071; 31833191; 31929333; 32126561; 32267359; 32384900; 32477919; 32509017; 32611869; 32625235; 32699053; 32804436; 32851286; 32914532; 33184947; 33189935; 33442180; 33662639; 33671041; 33844462; 33987750; 34202106; 34230955; 34348883; 34563184; 34833458; 35015700; 35047002; 35078197; 35133619; 35246073; 35466136; 35837997; 35938004; 35987847; 36137473; 36172288; 36183910; 36465594; 36471495; 36675424; 36708132; 36715725; 36794641; 36845402; 36849876; 37108593; 37231428; 37243350; 37273125; 37798624; 37932364; 38027951; 38078568; 38148819; 38352994; 38505478; 38597178; 38631314; 38717911; 39359670; 39596130; 39618705; 39809240; 40000719; 40015694; 40692712,DD; Eye; Ear,,2025-04-09 08:52:06+00:00,
G2P01607,CISD2,611507,24212,ERIS; MINER1; NAF-1; WFS2; ZCD2,CISD2-related Wolfram syndrome,604928,MONDO:0011502,biallelic_autosomal,potential secondary finding,definitive,absent gene product,,loss of function,inferred,,,HP:0000007; HP:0000407; HP:0000648; HP:0000716; HP:0000819; HP:0001138; HP:0001757; HP:0001892; HP:0002592; HP:0004398; HP:0008320; HP:0030402,10739754; 17846994; 25056293; 28335035,12116178; 22790102; 23429432; 25371195; 28475771; 29073294; 29237418; 29277467; 31309279; 31391115; 31420094; 31600780; 31796109; 33946243; 33996696; 35055657; 37600626,DD; Eye; Ear,,2025-04-09 08:53:12+00:00,
G2P00456,CLPP,601119,2084,,CLPP-related Perrault syndrome,614129,MONDO:0013588,biallelic_autosomal,,strong,altered gene product structure,inframe_deletion; inframe_insertion; missense_variant,undetermined,inferred,,,,23541340,25956234; 26970254; 27087618; 27650058; 27899912; 30150665; 32399598; 34338890; 34842607; 38454547; 39847269; 40410890,DD; Ear,,2025-04-09 08:54:07+00:00,
G2P02053,CLRN1,606397,12605,RP61; USH3; USH3A,CLRN1-related Usher syndrome,276902,MONDO:0010170,biallelic_autosomal,,definitive,absent gene product,,loss of function,inferred,,,HP:0000007; HP:0000408; HP:0000505; HP:0000512; HP:0000556; HP:0000662; HP:0001751; HP:0007987,11524702; 12080385; 12145752; 14569126; 28469144; 9719374,,Eye; Ear,,2025-04-09 08:54:52+00:00,
G2P00117,COL11A2,120290,2187,DFNA13; DFNB53; HKE5,COL11A2-related otospondylomegaepiphyseal dysplasia,215150,MONDO:0044206,biallelic_autosomal,restricted mutation set,definitive,altered gene product structure,,dominant negative,inferred,,,HP:0000007; HP:0000175; HP:0000201; HP:0000272; HP:0000347; HP:0000410; HP:0000414; HP:0000463; HP:0000478; HP:0000926; HP:0001371; HP:0002656; HP:0002829; HP:0002938; HP:0003015; HP:0003026; HP:0003037; HP:0003088; HP:0003417; HP:0004279; HP:0004322; HP:0004679; HP:0005003; HP:0006237; HP:0006532; HP:0009803; HP:0010049,10677296; 15558753; 16189708; 16637051; 21204229; 21208667; 32341816; 37347055; 7859284; 9188673,18381781; 18846651; 25633957; 29456477; 31299979; 33348901; 37646720; 38859940,DD; Skeletal; Ear,,2025-04-09 08:56:18+00:00,
G2P01074,COL11A2,120290,2187,DFNA13; DFNB53; HKE5,COL11A2-related Stickler syndrome,184840,MONDO:0008490,monoallelic_autosomal,restricted mutation set,definitive,altered gene product structure,,dominant negative,inferred,,,HP:0000006; HP:0000175; HP:0000201; HP:0000272; HP:0000316; HP:0000347; HP:0000407; HP:0000463; HP:0000478; HP:0000520; HP:0000926; HP:0000947; HP:0001263; HP:0002644; HP:0002656; HP:0002829; HP:0003088; HP:0003417; HP:0005280; HP:0008905; HP:0010580,10718438; 14234962; 15372529; 15558753; 18381781; 22796475; 25780254; 7833911; 9506662; 9805126,10729292; 11556853; 17902239; 20112039; 23110709; 25240749; 28159459; 30156925; 36140739; 37880672; 40386356; 7859284; 9028444,DD; Skeletal; Ear,,2025-04-09 08:57:21+00:00,
G2P00950,COL4A3,120070,2204,,COL4A3-related Alport syndrome (biallelic),620536,MONDO:0957811,biallelic_autosomal,,definitive,absent gene product,,loss of function,inferred,,,HP:0000007; HP:0000093; HP:0000100; HP:0000123; HP:0000365; HP:0000518; HP:0000545; HP:0000790; HP:0000822; HP:0001425; HP:0003676; HP:0003774; HP:0011501; HP:0200020,17726307; 18436078; 23297803; 23927549; 26194984; 28509228; 28856578; 29946535; 31925849; 33524082; 34888854; 7633417; 7780062; 7783419; 7987301; 7987396; 9792860,10074584; 10193810; 10499074; 11134255; 12028435; 12203217; 12748344; 14582039; 15954103; 16338941; 16878253; 17071739; 17216251; 17570934; 18661361; 21143337; 21455721; 21688191; 22887978; 24130771; 24633401; 24854265; 25307543; 25307721; 25381091; 25596306; 25649157; 26201269; 26346198; 26628277; 26628280; 27081500; 27190345; 27627812; 27859054; 27904025; 28570636; 28754557; 29138824; 29530752; 29551517; 29987460; 30128941; 30212818; 30506145; 31144478; 31387071; 31630709; 31966729; 32332277; 32712016; 33094278; 33214343; 33391746; 33423643; 33654185; 33772369; 33854215; 34681722; 34717572; 34930753; 35223933; 35301649; 35602506; 35806283; 36982595; 37097554; 37441478; 37490760; 37893135; 37986374; 38188341; 38357258; 38382843; 38433557; 38547857; 38978054; 39138691; 39202375; 39278986; 39349776; 39521677; 39597783; 39615805; 39907758; 39911173; 39924725; 40004525; 40169949; 40237890; 40522375; 40745060; 8608415; 8787673; 8971907; 9195222; 9361309,DD; Eye; Skin; Ear,,2025-04-09 08:59:09+00:00,
G2P01574,COL4A3,120070,2204,,COL4A3-related Alport syndrome (monoallelic),620536,MONDO:0957811,monoallelic_autosomal,potential secondary finding,definitive,absent gene product,,loss of function,inferred,,,HP:0000006; HP:0000093; HP:0000099; HP:0000100; HP:0000121; HP:0000407; HP:0000545; HP:0000790; HP:0000822; HP:0001134; HP:0001142; HP:0002148; HP:0002157; HP:0003676; HP:0003774; HP:0004722,11044206; 11134255; 11961012; 17396119; 17942953; 18439107; 20177710; 25229338; 25450602; 25888712; 29089023; 29742505; 30661074; 30881523; 34589218; 9269635,24033287; 24854265; 25307543; 25307721; 25355442; 25381091; 25427084; 25514610; 25826548; 26346198; 26809805; 27190345; 27281700; 27859054; 28236514; 28570636; 28632965; 28856578; 29138824; 29673759; 29854973; 30128941; 30212818; 30450445; 30717457; 30968591; 31044288; 31254113; 31364286; 31387071; 31840555; 32021873; 32332277; 32394188; 32643877; 32712016; 33094278; 33214343; 33305316; 33391736; 33423643; 33654185; 33838161; 33854215; 34222438; 34238373; 34469897; 34508137; 34681722; 34717572; 34888854; 34930753; 35090027; 35151252; 35177655; 35301649; 35419377; 35422838; 35582193; 35602506; 35806283; 35880347; 36013122; 36090501; 36117978; 36292665; 36828726; 36925663; 36982595; 37097554; 37163122; 37490760; 37849993; 38214412; 38382843; 38433557; 38477333; 38514012; 38547857; 38680391; 38740443; 38790222; 39138691; 39202375; 39278986; 39349776; 39384344; 39424670; 39521677; 39597783; 39673454; 39845453; 39907758; 40004525; 40237890; 40317772; 40492141; 40553180; 40603101; 40745060,DD; Eye; Skin; Ear,,2025-04-09 09:00:05+00:00,
G2P01506,COL4A4,120131,2206,CA44,COL4A4-related Alport syndrome,203780,MONDO:0008762,biallelic_autosomal,,definitive,absent gene product,,loss of function,inferred,,,HP:0000007; HP:0000093; HP:0000100; HP:0000123; HP:0000365; HP:0000518; HP:0000545; HP:0000790; HP:0000822; HP:0001425; HP:0003676; HP:0003774; HP:0011501; HP:0200020,7987396; 9269635,19470679; 20884774; 20951199; 21455721; 21897443; 23551117; 24398087; 24633401; 24854265; 25229338; 25307543; 25355442; 25381091; 25427084; 25649157; 26201269; 26628290; 26833262; 27190345; 27576055; 27627812; 27859054; 27934798; 28509291; 28570636; 28754557; 29138824; 29551517; 29673759; 29873249; 29987460; 30128941; 30212818; 30506145; 30745910; 31144478; 31312213; 31408864; 31630709; 31686460; 31934206; 31966729; 32712016; 33094278; 33159707; 33214343; 33251924; 33391746; 33423643; 33654185; 33772369; 33854215; 34212557; 34448697; 34508137; 34681722; 34717572; 34858896; 34930753; 34964757; 35028164; 35419377; 35775584; 35806283; 35842573; 36159970; 36514391; 36699462; 36844206; 36981034; 36982595; 37323669; 37441478; 38179179; 38214412; 38357258; 38433557; 38547857; 38790222; 38840691; 38978054; 39138691; 39202375; 39278986; 39328028; 39333430; 39349776; 39398663; 39597783; 39764162; 39810285; 39907758; 39913008; 40004525; 40169949; 40237890; 40406358; 40492141; 40533231; 40745060,DD; Eye; Skin; Ear,,2025-04-09 09:01:19+00:00,
G2P02434,COL4A5,303630,2207,ASLN; ATS,COL4A5-related Alport syndrome,,MONDO:0018965,monoallelic_X_heterozygous,,definitive,absent gene product,,loss of function,inferred,,,HP:0000093; HP:0000100; HP:0000407; HP:0000518; HP:0000545; HP:0000790; HP:0000822; HP:0001423; HP:0001757; HP:0002907; HP:0003676; HP:0003774; HP:0004722; HP:0011501; HP:0012045; HP:0012577; HP:0012587; HP:0030034; HP:0200020,1474765; 2349482; 8651296,,Eye; Skin; Ear,,2025-04-09 09:02:30+00:00,
G2P00138,COL9A1,120210,2217,,COL9A1-related Stickler syndrome,614134,MONDO:0013590,biallelic_autosomal,,definitive,absent gene product,,loss of function,inferred,,,HP:0000007; HP:0000407; HP:0000541; HP:0000545; HP:0002656; HP:0002857; HP:0003812; HP:0004327; HP:0006361; HP:0007773; HP:0011530; HP:0012368; HP:0030289; HP:0030663,16909383; 21421862; 31090205,21671392; 31315069; 33951325; 35885918; 38770957; 39406934,DD; Eye; Skeletal; Ear,,2025-04-09 09:03:22+00:00,
G2P00725,COL9A2,120260,2218,EDM2; MED,COL9A2-related Stickler syndrome,614284,MONDO:0013666,biallelic_autosomal,,definitive,absent gene product,,loss of function,inferred,,,HP:0000007; HP:0000407; HP:0000541; HP:0000618; HP:0004322; HP:0007773; HP:0011003; HP:0012368,21671392; 31090205,33356723; 35885918; 39406934,DD; Eye; Skeletal; Ear,,2025-04-09 09:04:17+00:00,
G2P02091,COL9A3,120270,2219,DJ885L7.4.1; EDM3; FLJ90759; IDD; MED,COL9A3-related Stickler syndrome,620022,MONDO:0031047,biallelic_autosomal,,limited,absent gene product,,loss of function,inferred,,,HP:0000007; HP:0000365; HP:0000407; HP:0000483; HP:0000494; HP:0000545; HP:0001249; HP:0001763; HP:0002342; HP:0005280; HP:0005913; HP:0006499; HP:0012368,24273071; 30450842; 31090205,33570243; 34824372; 35241111; 35885918,DD; Eye; Ear,,2025-04-09 09:05:36+00:00,
G2P02518,EDN3,131242,3178,ET3,EDN3-related Waardenburg syndrome type IV,613265,MONDO:0013201,monoallelic_autosomal,,definitive,absent gene product,,loss of function,inferred,,,HP:0000152; HP:0000407; HP:0000478; HP:0000598; HP:0000635; HP:0000707; HP:0001053; HP:0001100; HP:0001574; HP:0002211; HP:0002216; HP:0002226; HP:0002227; HP:0002251; HP:0025031,8630502,,Skin; Ear,,2025-04-09 09:06:16+00:00,
G2P03081,EDN3,131242,3178,ET3,EDN3-related Waardenburg syndrome type IV,613265,MONDO:0013201,biallelic_autosomal,,definitive,absent gene product,,loss of function,inferred,,,HP:0000152; HP:0000407; HP:0000478; HP:0000598; HP:0000635; HP:0000707; HP:0001053; HP:0001100; HP:0001574; HP:0002211; HP:0002216; HP:0002226; HP:0002227; HP:0002251; HP:0025031,8630502,,Skin; Ear,,2025-04-09 09:07:03+00:00,
G2P02517,EDNRB,131244,3180,ETB; HSCR; HSCR2,EDNRB-related Waardenburg syndrome,277580,MONDO:0010192,monoallelic_autosomal,,definitive,absent gene product; altered gene product structure,frameshift_variant; missense_variant; splice_region_variant; stop_gained; whole_partial_gene_deletion,loss of function,inferred,,"28236341 -> function: protein expression, biochemical; functional_alteration: non patient cells",HP:0000152; HP:0000407; HP:0000478; HP:0000598; HP:0000635; HP:0000639; HP:0000707; HP:0001053; HP:0001100; HP:0001251; HP:0001252; HP:0001263; HP:0001271; HP:0001574; HP:0002211; HP:0002216; HP:0002226; HP:0002227; HP:0002251; HP:0002313; HP:0002415; HP:0003011; HP:0012332; HP:0025031,25118007; 28236341; 31544051; 33234331; 8001158,,Skin; Ear,,2025-11-04 13:40:49+00:00,
G2P03082,EDNRB,131244,3180,ETB; HSCR; HSCR2,EDNRB-related Waardenburg syndrome with Hirschsprung,277580,MONDO:0010192,biallelic_autosomal,,definitive,altered gene product structure,missense_variant,loss of function,evidence,,11773966 -> models: non-human model organism & 21715336 -> models: non-human model organism & 23360229 -> models: non-human model organism,HP:0000152; HP:0000407; HP:0000478; HP:0000598; HP:0000635; HP:0000639; HP:0000707; HP:0001022; HP:0001053; HP:0001100; HP:0001251; HP:0001252; HP:0001263; HP:0001271; HP:0001520; HP:0001574; HP:0002211; HP:0002216; HP:0002226; HP:0002227; HP:0002251; HP:0002313; HP:0002415; HP:0003011; HP:0006958; HP:0007894; HP:0008513; HP:0008619; HP:0012332; HP:0025031,11773966; 11891690; 16237557; 21373256; 21715336; 23360229; 25852447; 28502583; 30394532; 40702859; 7778600; 8001158,,DD; Skin; Ear,,2025-11-04 13:32:29+00:00,
G2P00149,EYA1,601653,3519,BOR,EYA1-related branchiootorenal syndrome,113650,MONDO:0007236,monoallelic_autosomal,,definitive,absent gene product,,loss of function,inferred,,,HP:0000006; HP:0000076; HP:0000104; HP:0000110; HP:0000113; HP:0000175; HP:0000193; HP:0000218; HP:0000275; HP:0000276; HP:0000376; HP:0000378; HP:0000384; HP:0000402; HP:0000405; HP:0000407; HP:0000410; HP:0000460; HP:0000472; HP:0000564; HP:0000691; HP:0000799; HP:0001256; HP:0001374; HP:0001425; HP:0002060; HP:0002566; HP:0003691; HP:0003828; HP:0003829; HP:0004458; HP:0004467; HP:0004712; HP:0004742; HP:0007678; HP:0007925; HP:0008551; HP:0008586; HP:0009795; HP:0009796; HP:0009797; HP:0009798; HP:0010628; HP:0011094; HP:0100274; HP:0200021,10655545; 16441263; 19206155; 5365063; 9020840; 9361030,10418222; 10429368; 10464653; 10991693; 11409867; 11465802; 11558900; 11683347; 12032190; 12404110; 12701758; 12833414; 14521546; 14696767; 15146463; 15479196; 15491396; 15493068; 15684871; 16005355; 16491411; 16691597; 16813606; 16957474; 16971658; 17049623; 17238186; 17364338; 17637804; 18065799; 18177466; 18220287; 18763178; 19667416; 20130917; 20979191; 21280147; 21955869; 22447252; 23120453; 23506628; 23840632; 24135068; 24429398; 24590738; 24730701; 24803398; 25135225; 25780253; 25926005; 25992067; 27542115; 28289595; 28583505; 29257230; 29500469; 29511501; 29552445; 30086703; 30908667; 31102969; 32164334; 32717629; 33098377; 33624842; 33880118; 34160378; 34868248; 35046468; 35058298; 35698919; 36183088; 36316881; 36333735; 36670626; 37167448; 37612603; 37798624; 37817567; 38213489; 38259619; 38627775; 39125727; 39394648; 9359046; 9603436; 9777487,DD; Eye; Ear,,2025-04-09 09:09:14+00:00,
G2P02986,GATA3,131320,4172,HDR,"GATA3-related hypoparathyroidism, sensorineural deafness, and renal disease",146255,MONDO:0007797,monoallelic_autosomal,,definitive,absent gene product,,loss of function,inferred,,,HP:0000271; HP:0000364; HP:0000365; HP:0000407; HP:0000492; HP:0000494; HP:0000508; HP:0000598; HP:0000616; HP:0000820; HP:0000821; HP:0008050; HP:0011389; HP:0012713,10935639; 11389161; 15705923; 15830275; 16509533; 17309062; 19248180; 19253381; 19723756; 19952462; 21120445; 21157112; 21242646; 21399899; 21834031; 23052618; 23186964; 23203342; 23291697; 24434941; 25124981; 25510779; 25771973; 26268891; 26316437; 26514990; 26777049; 26800885; 27387476; 28303854; 28566604; 29025137; 29026277; 29073906; 29593425; 30396722; 30534854; 31885872,11577985; 14985365; 15301053; 15337474; 16912130; 16988501; 17114920; 17210674; 19022243; 19057839; 19659764; 20425828; 22407589; 23661972; 23757620; 23918631; 24527244; 24622013; 24859509; 25137426; 25767699; 25883929; 26710407; 26731259; 29663634; 30218523; 31433868; 31660939; 32155322; 32442337; 33111899; 33159669; 33163915; 33363791; 33655415; 34049562; 36746056; 37693317; 37881737; 37908274; 38025229; 38116790; 38940299; 39062799; 39198190; 39328859; 39505798; 39531207; 39700338; 39822657; 40013314; 40330010; 40650141; 40686918,DD; Ear,,2025-04-09 09:09:55+00:00,
G2P03298,KCNQ1,607542,6294,JLNS1; KCNA8; KCNA9; KV7.1; KVLQT1; LQT; LQT1,KCNQ1-related Jervell and Lange-Nielsen syndrome,220400,MONDO:0024540,biallelic_autosomal,,definitive,absent gene product; altered gene product structure,frameshift_variant; frameshift_variant_NMD_triggering; missense_variant; splice_acceptor_variant; splice_donor_variant; stop_gained; stop_gained_NMD_triggering,loss of function,inferred,,,HP:0000007; HP:0001279; HP:0001645; HP:0001657; HP:0001664; HP:0008527,11226272; 23392653; 23591039; 25187895; 27041150; 27868350; 31983240; 9020846,23844633; 24125535; 24363352; 24372464; 24388587; 24552659; 24912595; 25174857; 25236808; 25471708; 25494010; 25616976; 25645639; 25804018; 25825456; 26019114; 26066609; 26118593; 26228265; 26346102; 26669661; 26715165; 26823142; 26920202; 26939673; 27262388; 27286732; 27479201; 27485560; 27761162; 27917693; 28249770; 28364778; 28491547; 28491650; 28491806; 28595573; 28600177; 28944242; 29033053; 29037160; 29097701; 29151524; 29372044; 29588980; 29622001; 29650123; 29851656; 29889784; 29922582; 29951145; 29978770; 30036649; 30389366; 30406014; 30568157; 30758498; 30797226; 30942114; 31565860; 32329955; 32443288; 32470535; 32508908; 32830254; 33082985; 33466149; 33498651; 33574382; 33632346; 33664273; 33777698; 34308870; 34505893; 34546463; 34712558; 35806392; 36102233; 36232963; 36303204; 36386331; 36402267; 36674868; 36721196; 37445499; 37597120; 38361570; 38825991; 38890497; 38987191; 38990321; 39224440; 39503779; 39595626; 40158693; 40159220; 40176271; 40313678; 40368814; 40598957,DD; Cardiac; Ear,"Expert review done on 16/06/2021; Biallelic pathogenic variants in KCNQ1 cause JLNS due to absent gene product level or altered gene product sequence. Both homozygous and compound heterozygous pathogenic variants in KCNQ1 have been reported in JLNS. Nonsense, frameshift, splice site, whole exon deletions and missense variants have been reported as pathogenic. Bhuiyan and Wilde (PMID: 23591039) compared two groups of patients with homozygous variants in KCNQ1. Those patients where there was residual IKs (slowly activating delayed rectifier potassium channel/current) even as little as 10%, had QT prolongation but no hearing loss (autosomal recessive LQTS), whereas those patients with complete absence of IKs had both QT prolongation and hearing loss (JLNS).  They concluded that homozygous or compound heterozygous nonsense, frameshift or exon skipping variants resulting in 100% loss of IKs would result in JLNS. In addition, biallelic missense mutations that lead to a protein product that does not traffic to the cell membrane (or is subject to nonsense mediated decay) will lead to JLNS.Note: heterozygous variants in KCNQ1 lead to dominant LQTS. ",2025-04-09 09:10:58+00:00,
G2P00856,LARS2,604544,17095,KIAA0028; LEURS; MGC26121; MTLEURS,LARS2-related Perrault syndrome,615300,MONDO:0014126,biallelic_autosomal,,strong,altered gene product structure,inframe_deletion; inframe_insertion; missense_variant,undetermined,inferred,,,,23541342,26657938; 26970254; 27650058; 28832386; 29205794; 31274036; 32399598; 32423379; 32442335; 32767731; 34338890; 35750896; 36693951; 39052101; 39762667; 40119736,DD; Ear,,2025-04-09 09:11:38+00:00,
G2P01057,MITF,156845,7105,BHLHE32; MI; WS2; WS2A,MITF-related Waardenburg syndrome,193510,MONDO:0008671,monoallelic_autosomal,,definitive,absent gene product,,loss of function,inferred,,,HP:0000006; HP:0000365; HP:0000430; HP:0000431; HP:0000486; HP:0000505; HP:0000540; HP:0000613; HP:0000639; HP:0000664; HP:0001003; HP:0001010; HP:0001022; HP:0001093; HP:0001100; HP:0001417; HP:0001425; HP:0001756; HP:0002211; HP:0002216; HP:0002226; HP:0002227; HP:0003828; HP:0005592; HP:0007443; HP:0007750; HP:0007990; HP:0008527,7874167; 8490648; 8589691; 9158138; 9856573,11041370; 12444107; 15635834; 18595666; 19938076; 20127975; 21373256; 21438779; 22196401; 22258527; 22320238; 23512835; 24011018; 24194866; 26100139; 26512583; 26781036; 27604145; 27759048; 28356565; 28690485; 29115496; 30117279; 30234069; 30394532; 30549420; 31436206; 31812001; 31960627; 32422366; 32685391; 32728090; 32740552; 33045145; 33506017; 33557787; 33571247; 33942382; 34323021; 34421503; 34544414; 36329483; 38853699; 7562965; 8659547; 8880147,DD; Eye; Skin; Ear,,2025-04-09 09:12:46+00:00,
G2P01498,MYH9,160775,7579,DFNA17; EPSTS; FTNS; MHA; NMHC-II-A; NMMHCA,MYH9-related macrothrombocytopenia and granulocyte inclusions with or without nephritis or sensorineural hearing loss,155100,MONDO:0015912,monoallelic_autosomal,,definitive,absent gene product; altered gene product structure,inframe_deletion; inframe_insertion; missense_variant,loss of function,inferred,,,HP:0000006; HP:0000079; HP:0000093; HP:0000123; HP:0000132; HP:0000408; HP:0000421; HP:0000478; HP:0000518; HP:0000790; HP:0000822; HP:0000978; HP:0001658; HP:0001757; HP:0001873; HP:0001892; HP:0001902; HP:0001977; HP:0002239; HP:0002907; HP:0003010; HP:0003621; HP:0003774; HP:0005101; HP:0008264; HP:0008619,10973259; 25077172,21796764; 22080149; 22372535; 22541678; 22806255; 22854055; 23037321; 23123319; 23144074; 23409987; 23510089; 23759689; 23925420; 24117195; 24643058; 24656038; 24783421; 24890873; 25293679; 25394719; 25505834; 25703294; 26015866; 26051904; 26056797; 26226608; 26382273; 26387855; 26446054; 26484020; 26861218; 26942920; 27353381; 27437156; 27614228; 27958602; 28516481; 29200148; 29222283; 29286575; 30061125; 30617524; 30720677; 30807393; 31034630; 31125547; 31243205; 31384439; 31384440; 31388289; 31555371; 31562665; 31885961; 31888422; 31888892; 31977897; 32520844; 32545517; 32712863; 32861542; 32980210; 32997874; 33308197; 33683976; 33692298; 33855781; 33962937; 34013674; 34228168; 34310475; 34383333; 34394193; 34682143; 35180070; 35441449; 35537118; 36282680; 36553283; 36602281; 36715773; 37201161; 37258992; 37601883; 37610462; 37708298; 38134071; 38550428; 38558752; 38656938; 38831180; 38965687; 39096414; 39309903; 40351821; 40416435; 40441958; 40503181; 40555542; 40596561; 40689043,DD; Eye; Ear,,2025-04-09 09:13:26+00:00,
G2P00209,NDP,300658,7678,EVR2; NORRIN,NDP-related Norrie disease,310600,MONDO:0010691,monoallelic_X_hemizygous,,definitive,absent gene product,,loss of function,inferred,,,HP:0000407; HP:0000518; HP:0000541; HP:0000555; HP:0000568; HP:0000594; HP:0000618; HP:0000648; HP:0000667; HP:0000709; HP:0000718; HP:0000726; HP:0000738; HP:0001249; HP:0001250; HP:0001419; HP:0001730; HP:0006887; HP:0007676; HP:0007759; HP:0007973; HP:0008052,1303264; 1307245; 16163268; 17296899; 17334993; 24801666; 7627181; 7814011; 8069314; 8240113; 8268931; 8790105; 8990009; 9143918; 9382152,11337749; 11385715; 14635119; 15609522; 15776010; 15799735; 16980647; 17050281; 17128466; 17290208; 17325173; 17431911; 18817988; 18846645; 19373682; 20227630; 20340138; 20411871; 20491809; 20679667; 20938020; 21179243; 21633365; 21960066; 22563645; 22674248; 24529712; 25323851; 25944760; 26130484; 26459204; 26547627; 27217716; 27720678; 28394646; 28742514; 28758032; 28922694; 29133643; 29181528; 29617172; 29725776; 29927473; 30074570; 30088388; 30474316; 30640974; 30768221; 31821093; 31999491; 32341821; 32381368; 32393149; 32420371; 33092543; 33588793; 33947637; 34189345; 35029917; 35037517; 35361573; 35517050; 35651932; 35834361; 36035112; 36453149; 36577125; 36703904; 38146894; 39965923; 40555534; 7795608; 7993212; 8252044; 8535448; 8541872; 8589700; 8741107; 8946107; 9618247,DD; Eye; Ear,,2025-04-09 09:14:10+00:00,
G2P00521,OTOGL,614925,26901,C12ORF64; FLJ90579,OTOGL-related moderate sensorineural hearing loss,614944,MONDO:0013984,biallelic_autosomal,,definitive,absent gene product,,loss of function,inferred,,,HP:0000007; HP:0001756,23122586,23850727; 24378291; 25829320; 34626719; 40004452; 40682330,DD; Ear,,2025-04-09 09:15:01+00:00,
G2P02188,PCDH15,605514,14674,CDHR15; DFNB23; USH1F,PCDH15-related Usher syndrome,602083,MONDO:0011186,biallelic_autosomal,,definitive,absent gene product,,loss of function,inferred,,,HP:0000399; HP:0000510; HP:0000556; HP:0011476,,,Eye; Ear,,2025-04-09 09:15:55+00:00,
G2P03697,PEX1,602136,8850,ZWS; ZWS1,PEX1-related Heimler syndrome,234580,,biallelic_autosomal,,strong,absent gene product,,undetermined,inferred,,,HP:0000407; HP:0000705; HP:0001820; HP:0006297; HP:0007754,10636745; 26387595,,Skin; Ear,,2025-04-09 09:16:49+00:00,
G2P03626,PEX6,601498,8859,PAF-2; PXAAA1,PEX6-related Heimler syndrome 2,616617,,biallelic_autosomal,,moderate,altered gene product structure,,undetermined,inferred,,,HP:0000007; HP:0000678; HP:0001763; HP:0001820,29676688,,Skin; Ear,,2025-04-09 09:17:38+00:00,
G2P02298,SLC52A2,607882,30224,D15ERTD747E; FLJ11856; GPCR41; GPR172A; HRFT3; HUPAR-1; PAR1; RFT3; RFVT2,SLC52A2-related Brown-Vialetto-Van Laere syndrome,614707,MONDO:0013867,biallelic_autosomal,,definitive,absent gene product,,loss of function,inferred,,,HP:0000407; HP:0000467; HP:0000648; HP:0001251; HP:0001283; HP:0002093; HP:0003484; HP:0010871,22740598; 24253200,22864630; 23107375; 23243084; 24616084; 25159929; 26092362; 26669662; 26918385; 26973221; 27702554; 29053833; 29193829; 29287867; 29961509; 30377535; 30793323; 31064337; 32909658; 33087424; 33109881; 33929122; 34496984; 34662687; 34737166; 35441393; 35608644; 35921603; 36186484; 36552065; 38965176; 39234898; 40168907; 40710590,DD; Eye; Ear,,2025-04-09 09:18:12+00:00,
G2P00189,SLC52A3,613350,16187,BA371L19.1; C20ORF54; HRFT2; RFT2; RFVT3,SLC52A3-related Brown-Vialetto-Van Laere syndrome,211530,MONDO:0024537,biallelic_autosomal,,definitive,absent gene product,,loss of function,inferred,,,HP:0000007; HP:0000407; HP:0000467; HP:0000508; HP:0000544; HP:0001251; HP:0001252; HP:0001283; HP:0001308; HP:0001347; HP:0001605; HP:0001621; HP:0002015; HP:0002058; HP:0002093; HP:0002205; HP:0002312; HP:0002650; HP:0002808; HP:0002877; HP:0003621; HP:0003676; HP:0003701; HP:0007097; HP:0009113; HP:0009130; HP:0009830; HP:0010307; HP:0011448; HP:0011449,16122634; 20206331; 20920669; 21110228,22098162; 22633641; 22718020; 22740598; 22824638; 22864630; 23107375; 23688382; 23750839; 24079556; 24206674; 25159929; 25745320; 26444347; 26973221; 27702554; 27777325; 28580161; 28856173; 29053833; 29193829; 29950502; 29961509; 30793323; 31959559; 32022482; 33087424; 33189404; 33325104; 34384672; 34395718; 34662687; 34797406; 35418370; 37077589; 37116404; 38469093; 38745833; 38965176; 39234898; 40168907; 40539137,DD; Ear,,2025-04-09 09:18:48+00:00,
G2P02355,SLITRK6,609681,23503,FLJ22774,SLITRK6-related deafness and myopia,221200,,biallelic_autosomal,,definitive,absent gene product,,loss of function,inferred,,,HP:0000007; HP:0000399; HP:0000407; HP:0004454; HP:0008504; HP:0008619; HP:0008625; HP:0011003,23543054; 23946138,,Eye; Ear,,2025-04-09 09:19:47+00:00,
G2P02516,SNAI2,602150,11094,SLUG; SLUGH; SLUGH1; SNAIL2,SNAI2-related Waardenburg syndrome,,MONDO:0018094,biallelic_autosomal,,strong,absent gene product,,loss of function,inferred,,,HP:0000152; HP:0000478; HP:0000598; HP:0001100; HP:0008527,12444107,,Skin; Ear,,2025-04-09 09:20:19+00:00,
G2P01334,TCOF1,606847,11654,TCS; TREACLE,TCOF1-related Treacher Collins syndrome,154500,MONDO:0007944,monoallelic_autosomal,,definitive,absent gene product,,loss of function,inferred,,,HP:0000006; HP:0000028; HP:0000154; HP:0000160; HP:0000175; HP:0000185; HP:0000197; HP:0000272; HP:0000347; HP:0000372; HP:0000377; HP:0000384; HP:0000405; HP:0000453; HP:0000486; HP:0000494; HP:0000508; HP:0000572; HP:0000636; HP:0000652; HP:0001249; HP:0007633; HP:0007678; HP:0007776; HP:0030962,11013442; 12114482; 14598341; 15039977; 15214011; 8563749; 9096354,12080178; 12444270; 12939661; 15150774; 15340364; 15759264; 16801042; 17431905; 17531943; 17786119; 19050407; 19067896; 19107148; 19572402; 19610085; 20583178; 20734335; 21848650; 21951868; 22123469; 22317976; 22415350; 22628272; 22712005; 22729243; 23036831; 23401420; 23695276; 23838542; 24108658; 24288143; 24778568; 24994558; 25790162; 27526242; 28927774; 29230583; 30186496; 30625938; 31107123; 31307516; 32257192; 32351010; 32543076; 32909271; 33262786; 33332773; 33341718; 34058530; 34397304; 34573374; 34580285; 34714179; 35595448; 36082953; 36203321; 36381924; 36808708; 37646764; 38444283; 38482256; 39280575; 39518953; 39920764; 40041258; 40240907; 40390636; 9042910,DD; Skeletal; Ear,,2025-04-09 09:24:03+00:00,
G2P00639,TIMM8A,300356,11817,DDP; DFN1; MTS,TIMM8A-related Mohr-Tranebjaerg syndrome,304700,,monoallelic_X_hemizygous,potential secondary finding,strong,absent gene product,,loss of function,inferred,,,HP:0000408; HP:0000505; HP:0000512; HP:0000545; HP:0000613; HP:0000618; HP:0000648; HP:0000726; HP:0001133; HP:0001257; HP:0001260; HP:0001268; HP:0001332; HP:0001337; HP:0001347; HP:0001417; HP:0001419; HP:0002015; HP:0002514; HP:0002533; HP:0002659; HP:0003700; HP:0008596; HP:0008610; HP:0011463; HP:0100704,31903733,11449109; 11601506; 11803487; 11875042; 12805099; 14509668; 15037720; 15390009; 16411215; 17471106; 17851739; 17936919; 17999202; 18952432; 19268652; 19930207; 21753765; 22736418; 23418071; 23801560; 27100856; 30135625; 30634948; 36056138; 37325222; 40597358; 7643352; 8841189,DD; Eye; Ear,,2025-04-09 09:24:49+00:00,
G2P02273,USH2A,608400,12601,RP39; USH2,USH2A-related Usher syndrome,276901,MONDO:0010169,biallelic_autosomal,,definitive,absent gene product,,loss of function,inferred,,,HP:0000510; HP:0000556; HP:0008504; HP:0008527,17296898; 25352746,,Eye; Ear,,2025-04-09 09:25:20+00:00,
G2P02275,USH1C,605242,12597,AIE-75; DFNB18; HARMONIN; NY-CO-37; NY-CO-38; PDZ-73; PDZ73; PDZD7C,USH1C-related Usher syndrome,276904,MONDO:0010171,biallelic_autosomal,,definitive,absent gene product,,loss of function,inferred,,,HP:0000510; HP:0000556; HP:0001756; HP:0008527; HP:0008625,,,Eye; Ear,,2025-04-09 09:26:02+00:00,
G2P02274,USH1G,607696,16356,ANKS4A; FLJ33924; SANS,USH1G-related Usher syndrome,606943,MONDO:0011748,biallelic_autosomal,,definitive,absent gene product,,loss of function,inferred,,,HP:0000510; HP:0000556; HP:0001751; HP:0008527; HP:0008625,,,Eye; Ear,,2025-04-09 09:26:43+00:00,
G2P03007,WFS1,606201,12762,DFNA14; DFNA38; DFNA6; DIDMOAD; WFS,WFS1-related Wolfram-like syndrome (monoallelic),614296,MONDO:0013673,monoallelic_autosomal,,definitive,altered gene product structure; decreased gene product level,frameshift_variant; inframe_deletion; inframe_insertion; missense_variant,undetermined,inferred,,,HP:0000006; HP:0000407; HP:0000408; HP:0000648; HP:0000716; HP:0000819; HP:0000857; HP:0008527; HP:0100018,16648378; 18544103; 20069065; 20301750; 21538838; 23531866; 27217304; 28271591; 28468959; 33179441; 35450504; 37041640,11709537; 12181639; 12324385; 12490066; 12650912; 12707187; 12707188; 12707373; 12871240; 12955714; 14676474; 15277431; 15503287; 15912360; 16353398; 17492394; 17517145; 17637805; 18386376; 18688868; 18700423; 19449020; 21143470; 21356526; 21623591; 21726277; 22498363; 22771154; 22781099; 23903355; 24462758; 24890733; 24909696; 25250959; 25289672; 25388789; 26875006; 27156762; 27395765; 28271504; 28802351; 29447883; 29529044; 29563951; 29861534; 31363008; 31420094; 31600780; 31796109; 32700054; 33075784; 33841295; 33879153; 34006618; 34222109; 34258273; 34630320; 34643356; 35227307; 35252627; 35328914; 35495027; 35602877; 35884828; 36225977; 36330437; 36384999; 36564540; 36644884; 36687263; 36764396; 36781206; 36816038; 36833385; 36835101; 36958120; 36967753; 37181110; 37188450; 38470317; 39221226; 39422244; 39552476; 39609996; 39720982; 39858604; 40061310; 40486361; 40641032; 9817917,DD; Eye; Ear,,2025-04-09 09:27:15+00:00,
G2P03006,WFS1,606201,12762,DFNA14; DFNA38; DFNA6; DIDMOAD; WFS,WFS1-related Wolfram syndrome (biallelic),614296,MONDO:0013673,biallelic_autosomal,,definitive,absent gene product; altered gene product structure,,loss of function,inferred,,,HP:0000007; HP:0000011; HP:0000029; HP:0000072; HP:0000126; HP:0000364; HP:0000365; HP:0000407; HP:0000508; HP:0000556; HP:0000598; HP:0000639; HP:0000648; HP:0000819; HP:0000821; HP:0000873; HP:0000951; HP:0001249; HP:0001250; HP:0001251; HP:0001260; HP:0001337; HP:0001638; HP:0002015; HP:0002401; HP:0002715; HP:0006217; HP:0011123; HP:0011389; HP:0012444,10521293; 11161832; 11295831; 11317648; 12107816; 12707373; 14724730; 15070927; 15151504; 15277431; 15503287; 15605410; 16151413; 16195229; 16442662; 16459465; 17568405; 18660851; 18806274; 19042979; 19160074; 20875904; 21067485; 21446023; 21564155; 21602428; 21623591; 21726277; 21823543; 21968327; 22226368; 22238590; 22311385; 22781099; 23103830; 23373429; 25390390; 9771706,24890733; 25210753; 25895475; 26773575; 26943604; 27045389; 27156762; 27395765; 27412528; 27468121; 27617222; 28271504; 28432734; 28556904; 29258540; 29263746; 29277467; 29483894; 29549887; 29563951; 29774890; 29850290; 29861534; 30014265; 30056456; 30957632; 30979932; 31266054; 31313226; 31363008; 31391115; 31420094; 31567480; 31600780; 31658956; 31796109; 31850070; 31893057; 31937257; 32335055; 32350710; 32419160; 32864536; 32938580; 33179441; 33527330; 33693650; 33763535; 33841295; 33869661; 33882198; 33946243; 34006618; 34010437; 34238775; 34360843; 34404380; 34556497; 34710353; 34746052; 34792487; 34840683; 35018440; 35112031; 35206658; 35252627; 35256060; 35328914; 35495027; 35602877; 35983751; 36094066; 36098976; 36613674; 36764396; 36824811; 36835101; 36967753; 37181110; 37188450; 37277527; 37323959; 37383390; 37415600; 37719678; 37752530; 38450501; 38721948; 38949661; 39202345; 39221226; 39420940; 39520565; 39552476; 39766859; 39944315; 40297921; 40486361; 40527387; 40617298,DD; Eye; Ear,,2025-04-09 09:27:50+00:00,
G2P02024,WHRN,607928,16361,CIP98; DFNB31; PDZD7B; USH2D,WHRN-related Usher syndrome,611383,MONDO:0012662,biallelic_autosomal,,definitive,absent gene product,,loss of function,inferred,,,HP:0000007; HP:0000510; HP:0000556; HP:0007737; HP:0008504; HP:0008527,17171570; 22147658,,Eye; Ear,,2025-04-09 09:28:34+00:00,
G2P01393,CABP2,607314,1385,DFNB93,CABP2-related deafness,614899,MONDO:0013963,biallelic_autosomal,,strong,absent gene product,,loss of function,inferred,,,HP:0000007,22981119,,Ear,,2025-04-28 09:36:23+00:00,
G2P00378,BCAP31,300398,16695,6C6-AG; BAP31; CDM; DXS1357E,"BCAP31-related deafness, dystonia, and central hypomyelination with disorganization of the Golgi apparatus",300475,,monoallelic_X_hemizygous,,definitive,absent gene product,,loss of function,inferred,,,HP:0000407; HP:0001249; HP:0001332; HP:0006808; HP:0012751,24011989; 28332767,22472424; 22994209; 24597975; 27796743; 30713915; 31330203; 31953925; 32652807; 32681719; 33603160; 39101156; 39831730; 39911770; 40462059; 40662097,DD; Ear,,2025-04-28 10:18:00+00:00,
G2P00671,CD151,602243,1630,PETA-3; RAPH; SFA-1; TSPAN24,CD151-related nephropathy with pretibial epidermolysis bullosa and deafness,609057,MONDO:0012190,biallelic_autosomal,,strong,absent gene product,,loss of function,inferred,,,HP:0000007; HP:0000112; HP:0000119; HP:0000123; HP:0000152; HP:0000407; HP:0000598; HP:0001574; HP:0001871; HP:0002715; HP:0003774; HP:0007678; HP:0008404; HP:0011906; HP:0012221,15265795,29138120; 35278129; 35519797; 35707593; 38188895,DD; Skin; Ear,,2025-04-28 10:18:27+00:00,
G2P01853,MAF,177075,6776,C-MAF,"MAF-related cataracts, congenital, with sensorineural deafness, down syndrome-like facial appearance, short stature, and mental retardation",601088,MONDO:0010992,monoallelic_autosomal,,definitive,altered gene product structure,inframe_deletion; inframe_insertion; missense_variant,undetermined,inferred,,,HP:0000248; HP:0000407; HP:0001249; HP:0001250; HP:0004322; HP:0012368,25865493,28482824; 30160832; 31390148; 31600839; 33528093; 34643041; 37712597; 38487030,DD; Eye; Ear,,2025-04-28 10:18:58+00:00,
G2P01854,PAX3,606597,8617,HUP2; PAX-3; WS1,PAX3-related craniofacial-deafness-hand syndrome,122880,MONDO:0007395,monoallelic_autosomal,,definitive,absent gene product,,loss of function,inferred,,,HP:0000006; HP:0000272; HP:0000316; HP:0000327; HP:0000407; HP:0001193; HP:0003196,6859126,,Ear,,2025-04-28 10:19:36+00:00,
G2P00218,POLD1,174761,9175,CDC2; POLD,"POLD1-related subcutaneous lipodystrophy, deafness, mandibular hypoplasia and male hypogonadism",615381,MONDO:0014157,monoallelic_autosomal,potential secondary finding,definitive,altered gene product structure,inframe_deletion; inframe_insertion; missense_variant,undetermined,inferred,,,HP:0000271; HP:0000292; HP:0000306; HP:0000326; HP:0000331; HP:0000364; HP:0000365; HP:0000366; HP:0000407; HP:0000429; HP:0000430; HP:0000520; HP:0000598; HP:0000929; HP:0000951; HP:0000963; HP:0003508; HP:0004322; HP:0011389; HP:0012713,23770608; 26172944; 28521875; 28791128; 29199204; 30023403; 32826474; 36280868,25131834; 26133394; 26350127; 28199729; 30388038; 31449058; 31944473; 33369179; 33618333; 33863234; 33948826; 34517090; 35128723; 35356184; 35590056; 37336879; 37746257; 40237887; 40718185; 40741356,DD; Skin; Ear,,2025-07-22 11:09:29+00:00,
G2P00938,PRPS1,311850,9462,CMTX5; DFN2; DFNX1; PPRIBP; PRS-I,PRPS1-related deafness,304500,MONDO:0010577,monoallelic_X_hemizygous,,definitive,uncertain,,undetermined,inferred,,,HP:0000365; HP:0001417,10503584; 15240907; 20021999; 8968763,17701896; 22132967; 23190330; 24961627; 25182139; 25491489; 25785835; 26089585; 32781272; 33532242; 37670898; 37927483,DD; Ear,,2025-04-28 10:20:29+00:00,
G2P01857,SIX1,601205,10887,DFNA23,SIX1-related deafness,605192,MONDO:0011519,monoallelic_autosomal,,definitive,altered gene product structure,inframe_deletion; inframe_insertion; missense_variant,undetermined,inferred,,,HP:0000006; HP:0000405; HP:0000407,10777717,,Ear,,2025-04-28 10:21:02+00:00,
G2P01852,SOX10,602229,11190,DOM; SOX-10; WS2E; WS4,SOX10-related Kallmann syndrome with deafness,,,monoallelic_autosomal,,definitive,absent gene product,,loss of function,inferred,,,,23643381,,Ear,,2025-04-28 10:21:28+00:00,
G2P01855,GJB2,121011,4284,CX26; DFNA3; DFNB1; NSRD1,GJB2-related ichthyosis hystrix-like with deafness syndrome,602540,MONDO:0011245,monoallelic_autosomal,,definitive,altered gene product structure,inframe_deletion; inframe_insertion; missense_variant,undetermined,inferred,,,HP:0000006; HP:0000365; HP:0000407; HP:0000561; HP:0000653; HP:0000972; HP:0000982; HP:0001019; HP:0001761; HP:0002860; HP:0003593; HP:0004552; HP:0008064; HP:0011859; HP:0045075,10633135; 12372058; 17993581; 2956987,,Skin; Ear,,2025-04-28 10:35:27+00:00,
G2P01184,KCNJ10,602208,6256,KIR1.2; KIR4.1,KCNJ10-related seizures-sensorineural deafness-ataxia-intellectual developmental disorder-electrolyte imbalance,612780,MONDO:0013005,biallelic_autosomal,,definitive,absent gene product,,loss of function,inferred,,,HP:0000007; HP:0000103; HP:0000128; HP:0000407; HP:0000750; HP:0000805; HP:0000848; HP:0000859; HP:0001249; HP:0001250; HP:0001252; HP:0001263; HP:0001272; HP:0001959; HP:0001960; HP:0002075; HP:0002080; HP:0002900; HP:0002917; HP:0003127; HP:0003593; HP:0004322; HP:0007182; HP:0007267,19289823; 19420365; 20651251; 21849804,19426954; 19657131; 20091480; 21221631; 22782654; 22907601; 23918157; 23924083; 27500072; 27652280; 28747464; 28835827; 29191078; 29476442; 29666984; 29722015; 30952461; 31243244; 31640787; 31722434; 31781151; 32062759; 33996354; 35370765; 39607615; 40741701,DD; Ear,,2025-04-28 10:40:33+00:00,
G2P01850,MYH9,160775,7579,DFNA17; EPSTS; FTNS; MHA; NMHC-II-A; NMMHCA,MYH9-related deafness,603622,MONDO:0011350,monoallelic_autosomal,,definitive,uncertain,,undetermined,inferred,,,HP:0000006; HP:0003621; HP:0005101,,,Ear,,2025-04-28 10:42:44+00:00,
G2P03703,GSC,138890,4612,GSC1,"GSC-related short stature, auditory canal atresia, mandibular hypoplasia, and skeletal abnormalities (SAMS)",602471,MONDO:0011227,biallelic_autosomal,,moderate,absent gene product,frameshift_variant; splice_donor_variant; stop_gained; whole_partial_gene_deletion,loss of function,evidence,,24290375 -> models: non-human model organism,HP:0000028; HP:0000252; HP:0000272; HP:0000405; HP:0000413; HP:0001883; HP:0002827; HP:0002938; HP:0003015; HP:0003083; HP:0003375; HP:0005473; HP:0005792; HP:0006595; HP:0008788; HP:0011968; HP:0020206,24290375,,DD; Skeletal; Ear,,2025-05-07 10:20:54+00:00,
