node,eigenvector_centrality
GO:0005515,0.0010223917
EMAPA:16894,0.0005977873
EMAPA:17373,0.0005639201
UBERON:0000992,0.0005437653
UBERON:0000473,0.0005430274
HGNC:31859,0.0005410792
EMAPA:17544,0.0005255742
EMAPA:16728,0.0005148858
EMAPA:16846,0.0005135385
EMAPA:17577,0.0005104394
EMAPA:16105,0.0005080203
EMAPA:16039,0.0005055903
EMAPA:17972,0.000499816
HGNC:18224,0.000490226
UBERON:0002106,0.0004803524
UBERON:0000948,0.0004698775
HGNC:7553,0.0004668272
CL:0000023,0.0004646483
EMAPA:16974,0.0004630917
UBERON:0002048,0.0004571852
UBERON:0001155,0.0004550222
EMAPA:32845,0.0004524067
EMAPA:17787,0.0004463845
UBERON:0002037,0.0004447797
UBERON:0000955,0.0004424333
HGNC:8607,0.000440903
UBERON:0002113,0.0004379912
UBERON:0002107,0.0004370774
CL:0000017,0.000431963
UBERON:0002385,0.0004309369
UBERON:0001134,0.0004221996
HGNC:3236,0.0004205314
CL:0000094,0.0004173042
CL:0000018,0.0004083066
HGNC:6407,0.0004041285
HGNC:3467,0.0003800715
EMAPA:16916,0.0003793064
EMAPA:16910,0.0003775859
ZFA:0001094,0.000376731
EMAPA:32809,0.0003735882
HGNC:14339,0.0003696819
EMAPA:17168,0.0003686109
EMAPA:17536,0.0003673799
EMAPA:17540,0.0003620991
HGNC:2553,0.0003604684
EMAPA:16470,0.0003508796
EMAPA:17962,0.0003450215
UBERON:0005418,0.0003432087
UBERON:0005417,0.0003422295
EMAPA:17021,0.0003396149
EMAPA:16198,0.0003395116
EMAPA:17549,0.0003381832
CL:0000501,0.0003361422
HGNC:11998,0.0003347189
HGNC:5241,0.0003294829
HGNC:1591,0.0003243959
HGNC:8031,0.0003226703
GO:0046872,0.0003220919
HGNC:24500,0.0003220416
UBERON:0000178,0.0003216701
EMAPA:16668,0.0003215692
EMAPA:18321,0.0003198012
EMAPA:17525,0.0003195988
HGNC:12932,0.0003130525
EMAPA:32842,0.0003049441
HGNC:3527,0.000304109
EMAPA:18767,0.0003009108
HGNC:30858,0.0002991001
HGNC:2514,0.000298273
HGNC:3468,0.0002952227
HGNC:3585,0.00029514
HGNC:620,0.0002901207
HGNC:13575,0.0002895199
EMAPA:17503,0.0002858899
EMAPA:16896,0.0002836117
HGNC:12468,0.0002810441
HGNC:11195,0.000280876
EMAPA:17606,0.0002791675
EMAPA:32673,0.000276217
HGNC:3312,0.0002749314
HGNC:9829,0.0002746073
HGNC:11370,0.0002714669
HGNC:5238,0.0002707042
HGNC:3188,0.0002699309
HP:0000007,0.0002692302
HGNC:7972,0.0002680214
HGNC:7559,0.0002674024
EMAPA:18426,0.0002636259
EMAPA:16833,0.0002626631
EMAPA:35998,0.0002597155
HGNC:19181,0.0002595072
HGNC:132,0.0002578854
HGNC:1100,0.0002567405
HGNC:3373,0.0002567026
HGNC:9949,0.0002566918
EMAPA:18768,0.0002562141
UBERON:0000451,0.000255834
UBERON:0001381,0.0002550138
EMAPA:17547,0.0002540193
EMAPA:17185,0.0002536644
HGNC:16384,0.0002515601
EMAPA:32741,0.0002507689
HGNC:1736,0.0002502554
HGNC:12666,0.0002500957
HGNC:4781,0.0002473639
HGNC:1985,0.0002456796
UBERON:0002190,0.0002452427
HGNC:950,0.0002452125
HGNC:12825,0.0002430466
HGNC:16110,0.0002402456
EMAPA:32672,0.0002367026
HGNC:270,0.0002353154
HGNC:7910,0.0002351896
EMAPA:32678,0.0002349041
ZFA:0001093,0.0002340089
EMAPA:17366,0.0002332259
EMAPA:16469,0.0002326942
HGNC:591,0.000231643
UBERON:0001954,0.0002307823
HGNC:5045,0.0002305493
EMAPA:32874,0.0002303884
EMAPA:17523,0.0002291934
HGNC:12855,0.0002246816
HGNC:23696,0.0002243307
MP:0011100,0.000224304
HGNC:4852,0.0002236943
EMAPA:32711,0.0002234881
HGNC:5232,0.0002233606
HGNC:5253,0.0002226462
HGNC:9588,0.0002226106
HGNC:10429,0.000222148
HGNC:4141,0.0002206047
UBERON:0003053,0.0002203611
UBERON:0000966,0.0002202219
UBERON:0011219,0.0002195491
HGNC:15923,0.0002192804
HGNC:6636,0.0002192446
GO:0003723,0.0002184343
UBERON:0001898,0.000217825
HGNC:12851,0.0002176541
HGNC:3778,0.0002174
EMAPA:16665,0.0002172292
UBERON:0002509,0.0002169898
HGNC:8912,0.0002166217
HGNC:10420,0.0002138893
HGNC:5041,0.0002135372
EMAPA:35988,0.0002130381
EMAPA:17751,0.0002128992
UBERON:0001298,0.0002120458
EMAPA:32660,0.000211938
HGNC:12757,0.0002119006
HGNC:2240,0.0002116082
UBERON:0000995,0.0002112717
HGNC:24912,0.0002108255
HGNC:24824,0.0002104227
HGNC:9341,0.0002098362
GO:0008150,0.0002092514
UBERON:0001013,0.0002089825
HP:0000006,0.000208901
HGNC:11280,0.0002083728
HGNC:1919,0.0002079368
HGNC:5048,0.0002076308
HGNC:2457,0.0002074052
HGNC:10371,0.0002068031
HGNC:5258,0.0002062869
EMAPA:16246,0.0002059513
HGNC:1748,0.0002051263
HGNC:10353,0.0002038507
HGNC:8127,0.0002038172
HGNC:4399,0.0002035373
HGNC:11387,0.0002034823
GO:0000166,0.000202949
HGNC:10332,0.0002028449
HGNC:1125,0.0002027994
HGNC:667,0.0002025111
HGNC:6944,0.0002020565
HGNC:3594,0.0002019896
HGNC:10067,0.0002019493
HGNC:5187,0.0002015245
HGNC:14064,0.0002014206
GO:0003677,0.0002008747
HGNC:10404,0.000200866
EMAPA:17068,0.0002002685
HGNC:23039,0.0002000276
UBERON:0005316,0.0001996208
EMAPA:16748,0.0001991634
UBERON:0001401,0.0001988908
HGNC:10360,0.0001988892
EMAPA:16853,0.0001987269
HGNC:21024,0.000198442
HGNC:11150,0.0001983312
HGNC:27962,0.0001980857
HGNC:10396,0.0001979092
HGNC:4853,0.0001976508
GO:0042802,0.0001976438
HGNC:1491,0.000197568
HGNC:4274,0.0001973605
HGNC:17340,0.0001967937
UBERON:0004023,0.0001964372
HGNC:10301,0.0001960734
