node,approx_betweenness,sampled_k=21
HGNC:1101,9149911109.8,
ZFA:0001094,4943412464.1,
EMAPA:16728,4562599854.2,
HGNC:3263,4396545482.2,
HGNC:3804,4377288813.8,
ZFIN:ZDB-GENE-100921-11,4373796349.5,
HGNC:25852,4373226727.2,
GO:0016740,4269870644.1,
GO:0005515,4209669579.4,
GO:0008150,3858774964.1,
HGNC:10313,3541692332.9,
GO:0003674,2993658422.2,
MGI:97617,2987590918.8,
HP:0004325,2906396667.2,
HGNC:4696,2770592413.0,
UBERON:0000473,2162499445.5,
HGNC:7989,2145446440.6,
GO:0046872,2137688992.7,
HGNC:5173,2123387508.7,
HP:0000007,2118319930.4,
MP:0011098,1801036858.7,
Reactome:R-SCE-203615,1567881735.8,
UBERON:0002107,1557400133.5,
Reactome:R-SCE-2514859,1544643212.1,
FB:FBgn0035187,1398895725.5,
HGNC:7212,1391106466.4,
UBERON:0002113,1388316071.1,
HGNC:30252,1349133039.0,
UBERON:0002106,1190478122.7,
HP:0000006,946506035.0,
HGNC:13312,824109099.0,
HGNC:4324,821402808.7,
GO:0007165,805530937.5,
Reactome:R-HSA-174490,787034629.9,
HP:0012443,782369283.0,
HGNC:18028,699438377.7,
UBERON:0002037,681505886.8,
HGNC:3373,657717995.9,
HGNC:25006,617513605.9,
MP:0002169,611176148.8,
GO:0006396,602354536.7,
HGNC:2019,600567460.0,
HGNC:10856,588619168.8,
GO:0016787,569654211.7,
HGNC:1100,567325442.8,
HGNC:4642,562026496.9,
UBERON:0000992,559471226.6,
UBERON:0000991,532382742.8,
UBERON:0000955,520251300.5,
HP:0001250,504205950.4,
HGNC:19075,489486183.4,
HP:0030769,481194381.1,
UBERON:0000966,467384087.7,
HGNC:16818,455704942.1,
EMAPA:16039,455558023.2,
CL:0000023,451344996.9,
FBbt:00000001,450539978.1,
GO:0003824,443135454.6,
HP:0040270,437562570.7,
EMAPA:16846,401561629.6,
ZFA:0005145,391761101.3,
GO:0003735,369315998.0,
MP:0010025,369255847.0,
MP:0001265,360150401.3,
EMAPA:16894,360062770.9,
EMAPA:17577,350668203.2,
UBERON:0000948,339955578.2,
HP:0000750,339873663.8,
HGNC:23396,336970845.8,
GO:0000166,330951724.3,
HGNC:5045,329351464.8,
GO:0055085,324412106.5,
FB:FBgn0005674,322313779.0,
MP:0003961,320034063.3,
UBERON:0001155,317977661.0,
UBERON:0000970,314319884.9,
ZFA:0001093,311475104.6,
GO:0003677,308937851.1,
HGNC:12468,307291496.5,
GO:0000244,304235100.8,
FBbt:00003007,300441608.1,
HGNC:5253,296962917.2,
HGNC:8582,287548426.6,
MGI:104735,282265599.9,
MP:0002083,273401554.3,
UBERON:0000160,270658829.6,
HGNC:10471,265264179.1,
HGNC:391,260163845.8,
EMAPA:17373,257999415.7,
GO:0006811,255009720.2,
EMAPA:17544,253297157.2,
Reactome:R-DRE-77305,249089000.4,
UBERON:0001134,244691997.9,
HGNC:23075,241562675.3,
UBERON:0015488,237976240.9,
GO:0007186,235523505.0,
GO:0016491,234023741.2,
HGNC:11993,232042693.0,
MP:0011100,230594074.7,
Reactome:R-XTR-77285,225934126.3,
MP:0002727,225348625.0,
HGNC:11998,223027768.2,
HGNC:1442,214273525.5,
UBERON:0000178,210056397.1,
MP:0005559,209636180.4,
GO:0006412,208172990.6,
GO:0006355,207876542.9,
HGNC:6407,207484299.5,
HGNC:2861,206919888.7,
HP:0000343,203833646.3,
FB:FBgn0037324,202556584.1,
HP:0000369,200595917.3,
HGNC:1527,200453875.7,
CL:0000094,198862671.0,
HP:0000486,198250824.0,
PomBase:SPAC959.08,198230928.3,
HGNC:620,197260307.1,
HGNC:5970,192208932.4,
EMAPA:16974,191962172.3,
EMAPA:17972,190727438.8,
HGNC:9588,189961845.9,
HGNC:4801,184806000.1,
EMAPA:17787,184412595.1,
HGNC:1867,182833896.5,
EMAPA:32845,180725054.9,
GO:0005524,178588310.8,
UBERON:0002385,176926928.1,
CL:0000017,173376046.0,
EMAPA:16105,172170121.8,
EMAPA:16910,171520384.1,
MONDO:0009662,171409441.3,
HGNC:8607,170061579.1,
HGNC:3236,165951759.5,
HGNC:2719,165580773.2,
MP:0011087,162035169.9,
UBERON:0005386,161667667.8,
HP:0003251,161136883.2,
HGNC:7553,159728056.8,
HGNC:4432,157026623.7,
GO:0034220,155036503.5,
HP:0001290,154866930.6,
HGNC:10417,154147707.7,
NCBIGene:132344312,154066310.5,
CL:0000501,145025045.3,
GO:0008270,142780666.6,
EMAPA:32809,140901994.4,
CL:0000018,140859392.3,
MONDO:0012933,136929156.9,
GO:0003723,136786178.9,
HGNC:17327,136680679.2,
HGNC:4195,136628952.2,
GO:0006357,134431580.1,
GO:0045944,133986967.3,
HP:0001249,132586243.1,
UBERON:0008188,131146277.0,
EMAPA:17168,130698636.1,
UBERON:0001302,130421294.7,
UBERON:0004804,130120341.3,
HP:0008897,130116311.5,
HGNC:7127,129344164.8,
HGNC:3467,128242655.8,
HGNC:31859,127995276.5,
UBERON:0005417,127389017.5,
HP:0001263,126446745.3,
HGNC:29914,126119445.0,
ZFA:0000112,125819088.3,
UBERON:0005418,125735256.3,
EMAPA:18321,125393984.9,
HGNC:6547,124570976.1,
WB:WBGene00004433,123875021.4,
HGNC:4803,123506782.7,
HGNC:1449,123459424.9,
HGNC:8803,123170397.8,
EMAPA:17549,122048146.0,
HGNC:132,121913377.7,
WBbt:0000100,121869076.5,
HP:0001257,121272886.1,
HGNC:30857,121222613.5,
HGNC:1445,119597588.3,
UBERON:0014890,119255338.9,
HGNC:19102,118913313.8,
EMAPA:16470,117539304.4,
HGNC:1884,116986023.1,
HP:0001252,115252477.4,
HGNC:4433,114853526.1,
HGNC:7325,114439422.3,
HGNC:11782,113687709.3,
HGNC:2197,113560071.9,
HGNC:11621,113272360.7,
HGNC:12463,113184931.9,
CL:0000655,112018810.6,
HGNC:12371,111700854.0,
UBERON:0001017,111435001.8,
HGNC:5238,110717257.2,
UBERON:0001153,110235798.9,
HP:0004322,109856302.9,
HGNC:7876,108645406.9,
HGNC:92,105496550.0,
ZFA:0000354,104434972.3,
GO:0003725,104423373.1,
